SA2,SA2 NAME,Earners,Median age of earners (years),Sum ($),Median ($),Mean ($)
Victoria,,"3,714,224", 41 ,"242,783,096,575","51,027","65,366"
201011001,Alfredton,"7,989", 42 ,"508,645,842","53,932","63,668"
201011002,Ballarat,"7,595", 47 ,"591,465,895","53,688","77,876"
201011003,Ballarat - North,"13,598", 43 ,"820,866,354","50,593","60,367"
201011004,Ballarat - South,"12,722", 40 ,"646,001,740","45,828","50,778"
201011005,Buninyong,"4,249", 46 ,"268,782,250","52,377","63,258"
201011006,Delacombe,"4,723", 39 ,"259,030,919","49,909","54,845"
201011007,Smythes Creek,"2,583", 46 ,"154,296,386","53,154","59,735"
201011008,Wendouree - Miners Rest,"7,380", 42 ,"371,981,376","46,287","50,404"
201021009,Bacchus Marsh Region,"3,572", 46 ,"219,909,271","52,033","61,565"
201021010,Creswick - Clunes,"4,294", 48 ,"224,288,996","43,736","52,233"
201021011,Daylesford,"5,363", 51 ,"279,110,353","40,825","52,044"
201021012,Gordon (Vicnp),"3,633", 47 ,"219,520,957","50,462","60,424"
201031013,Avoca,"1,724", 50 ,"79,881,106","39,893","46,335"
201031014,Beaufort,"2,268", 48 ,"113,026,373","41,170","49,835"
201031015,Golden Plains - North,"2,520", 46 ,"133,035,001","47,311","52,792"
201031016,Maryborough (Vicnp),"3,500", 47 ,"159,929,281","40,679","45,694"
201031017,Maryborough Region,"2,476", 49 ,"110,105,628","38,664","44,469"
202011018,Bendigo,"7,941", 42 ,"475,072,846","47,893","59,825"
202011019,California Gully - Eaglehawk,"6,334", 41 ,"314,714,787","46,685","49,687"
202011020,East Bendigo - Kennington,"8,176", 46 ,"495,279,115","48,672","60,577"
202011021,Flora Hill - Spring Gully,"5,407", 43 ,"312,545,998","49,582","57,804"
202011022,Kangaroo Flat - Golden Square,"10,845", 42 ,"561,632,750","47,362","51,787"
202011023,Maiden Gully,"3,289", 43 ,"198,592,966","53,063","60,381"
202011024,Strathfieldsaye,"5,906", 44 ,"392,318,960","55,491","66,427"
202011025,White Hills - Ascot,"7,636", 39 ,"428,846,221","51,368","56,161"
202021026,Bendigo Region - South,"4,634", 46 ,"280,900,232","51,446","60,617"
202021027,Castlemaine,"5,656", 50 ,"294,803,866","42,951","52,122"
202021028,Castlemaine Region,"5,017", 51 ,"257,579,832","41,687","51,341"
202021029,Heathcote,"2,258", 51 ,"118,081,965","43,832","52,295"
202021030,Kyneton,"5,928", 47 ,"361,501,469","47,443","60,982"
202021031,Woodend,"4,410", 48 ,"326,308,186","56,116","73,993"
202031032,Bendigo Region - North,"2,650", 48 ,"143,085,889","47,033","53,995"
202031033,Loddon,"3,601", 51 ,"178,396,632","41,119","49,541"
203011034,Bannockburn,"4,214", 42 ,"272,091,618","54,881","64,568"
203011035,Golden Plains - South,"4,381", 46 ,"257,883,606","49,785","58,864"
203011036,Winchelsea,"3,854", 47 ,"241,642,262","49,329","62,699"
203021037,Belmont,"8,573", 40 ,"482,411,120","47,862","56,271"
203021038,Corio - Norlane,"11,874", 39 ,"574,277,126","44,170","48,364"
203021039,Geelong,"8,404", 42 ,"567,082,988","51,932","67,478"
203021040,Geelong West - Hamlyn Heights,"12,521", 41 ,"823,997,109","55,640","65,809"
203021041,Grovedale,"16,948", 39 ,"979,549,293","50,679","57,797"
203021042,Highton,"14,219", 44 ,"991,234,022","52,791","69,712"
203021043,Lara,"10,905", 42 ,"695,550,429","55,149","63,783"
203021044,Leopold,"7,644", 43 ,"432,394,305","49,935","56,566"
203021045,Newcomb - Moolap,"8,051", 43 ,"404,793,971","45,931","50,279"
203021046,Newtown (Vicnp),"6,779", 45 ,"578,577,575","59,470","85,349"
203021047,North Geelong - Bell Park,"8,438", 42 ,"499,371,085","49,851","59,181"
203031048,Clifton Springs,"8,521", 46 ,"476,556,448","47,864","55,927"
203031049,Lorne - Anglesea,"3,489", 53 ,"204,684,069","41,429","58,666"
203031050,Ocean Grove - Barwon Heads,"16,554", 45 ,"1,106,726,616","52,476","66,856"
203031051,Portarlington,"4,318", 54 ,"232,756,097","39,988","53,904"
203031052,Point Lonsdale - Queenscliff,"2,993", 57 ,"187,031,777","43,520","62,490"
203031053,Torquay,"13,537", 44 ,"968,102,182","54,955","71,515"
204011054,Alexandra,"3,692", 51 ,"178,745,287","39,452","48,414"
204011055,Euroa,"3,678", 52 ,"170,678,008","39,500","46,405"
204011056,Kilmore - Broadford,"8,053", 44 ,"478,157,174","51,400","59,376"
204011057,Mansfield (Vicnp),"5,509", 49 ,"271,056,596","39,675","49,203"
204011058,Nagambie,"2,426", 48 ,"136,354,808","47,727","56,206"
204011059,Seymour,"3,386", 46 ,"175,854,431","45,393","51,936"
204011060,Seymour Region,"2,454", 44 ,"142,371,491","52,222","58,016"
204011061,Upper Yarra Valley, 97 , 45 ,"4,393,722","41,375","45,296"
204011062,Yea,"2,109", 52 ,"104,591,106","38,638","49,593"
204021063,Benalla,"5,693", 49 ,"286,602,371","44,066","50,343"
204021064,Benalla Region,"2,223", 52 ,"102,527,719","38,640","46,121"
204021065,Rutherglen,"2,336", 48 ,"124,265,372","47,557","53,196"
204021066,Wangaratta,"10,527", 45 ,"571,835,072","47,525","54,321"
204021067,Wangaratta Region,"6,143", 49 ,"309,387,002","42,619","50,364"
204031068,Beechworth,"2,784", 51 ,"144,381,686","44,279","51,861"
204031069,Bright - Mount Beauty,"5,025", 48 ,"242,785,431","39,625","48,316"
204031070,Chiltern - Indigo Valley,"1,925", 48 ,"102,707,198","48,813","53,354"
204031071,Myrtleford,"2,828", 49 ,"140,029,129","42,317","49,515"
204031072,Towong,"3,605", 52 ,"180,373,785","40,331","50,034"
204031073,West Wodonga,"8,661", 43 ,"500,719,612","51,249","57,813"
204031074,Wodonga,"15,048", 42 ,"855,249,656","51,308","56,835"
204031075,Yackandandah,"3,001", 48 ,"171,606,064","49,453","57,183"
205011076,Drouin,"9,763", 43 ,"519,415,885","47,042","53,202"
205011077,Mount Baw Baw Region,"3,730", 49 ,"196,651,673","42,324","52,722"
205011078,Trafalgar (Vicnp),"4,703", 46 ,"268,655,775","46,518","57,124"
205011079,Warragul,"12,240", 45 ,"719,419,276","47,709","58,776"
205021080,Alps - East, 3 , 64 ,"69,486","32,682","23,162"
205021081,Bairnsdale,"8,186", 46 ,"414,390,299","43,540","50,622"
205021082,Bruthen - Omeo,"4,665", 49 ,"207,789,722","40,078","44,542"
205021083,Lake King, np , np , np ,np, np 
205021084,Lakes Entrance,"5,343", 51 ,"249,653,503","36,991","46,725"
205021085,Orbost,"3,260", 52 ,"142,589,583","35,437","43,739"
205021086,Paynesville,"3,462", 55 ,"165,935,931","37,439","47,931"
205031087,Foster,"4,997", 52 ,"235,309,719","37,285","47,090"
205031088,French Island, 43 , 58 ,"912,902","14,698","21,230"
205031089,Korumburra,"5,427", 47 ,"270,138,346","42,483","49,777"
205031090,Leongatha,"6,495", 48 ,"346,432,958","42,792","53,338"
205031091,Phillip Island,"6,534", 49 ,"314,519,370","38,038","48,136"
205031092,Wilsons Promontory, 9 , 47 ,"689,022","70,131","76,558"
205031093,Wonthaggi - Inverloch,"12,695", 49 ,"626,371,450","39,884","49,340"
205041094,Churchill,"6,326", 46 ,"383,778,070","49,120","60,667"
205041095,Moe - Newborough,"8,017", 44 ,"450,135,024","46,041","56,148"
205041096,Morwell,"6,029", 44 ,"306,757,353","43,010","50,880"
205041097,Traralgon,"15,725", 42 ,"1,041,406,472","54,079","66,226"
205041098,Yallourn North - Glengarry,"2,708", 44 ,"175,516,757","51,768","64,814"
205051099,Alps - West, 19 , 54 ,"638,452","25,376","33,603"
205051100,Longford - Loch Sport,"2,291", 50 ,"126,611,668","42,485","55,265"
205051101,Maffra,"7,910", 46 ,"426,904,680","44,993","53,970"
205051102,Rosedale,"2,281", 46 ,"113,012,698","41,947","49,545"
205051103,Sale,"8,160", 44 ,"508,292,826","49,010","62,291"
205051104,Yarram,"2,856", 51 ,"138,585,338","37,232","48,524"
206011105,Brunswick,"19,004", 34 ,"1,309,245,464","57,394","68,893"
206011106,Brunswick East,"8,757", 34 ,"617,340,883","59,822","70,497"
206011107,Brunswick West,"9,397", 35 ,"659,757,301","56,381","70,209"
206011108,Coburg,"16,841", 38 ,"1,117,974,297","54,887","66,384"
206011109,Pascoe Vale South,"6,446", 42 ,"469,076,538","59,867","72,770"
206021110,Alphington - Fairfield,"5,937", 40 ,"499,585,182","61,806","84,148"
206021111,Northcote,"16,821", 39 ,"1,393,836,804","64,111","82,863"
206021112,Thornbury,"12,125", 38 ,"870,010,964","59,278","71,753"
206031113,Ascot Vale,"9,771", 39 ,"788,325,929","61,854","80,680"
206031114,Essendon - Aberfeldie,"19,182", 41 ,"1,578,870,255","61,204","82,310"
206031115,Flemington,"6,212", 34 ,"417,174,462","53,463","67,156"
206031116,Moonee Ponds,"10,067", 40 ,"823,653,935","62,722","81,817"
206041117,Carlton,"9,422", 30 ,"563,346,766","38,891","59,791"
206041118,Docklands,"11,263", 32 ,"805,035,975","55,150","71,476"
206041119,East Melbourne,"3,899", 41 ,"515,175,935","75,755","132,130"
206041120,Flemington Racecourse, 65 , 32 ,"4,136,428","55,538","63,637"
206041121,Kensington (Vicnp),"7,371", 36 ,"597,499,390","67,962","81,061"
206041122,Melbourne,"27,182", 30 ,"1,426,389,488","30,024","52,476"
206041123,North Melbourne,"14,582", 32 ,"972,947,841","50,074","66,723"
206041124,Parkville,"4,045", 32 ,"292,940,311","49,544","72,420"
206041125,South Yarra - West,"5,106", 39 ,"686,411,116","70,451","134,432"
206041126,Southbank,"15,422", 32 ,"1,157,743,652","53,390","75,071"
206041127,West Melbourne, 7 , 41 ,"788,762","82,813","112,680"
206051128,Albert Park,"11,685", 44 ,"1,407,013,358","67,518","120,412"
206051129,Elwood,"11,046", 39 ,"1,018,116,461","68,634","92,171"
206051130,Port Melbourne,"11,132", 43 ,"1,199,212,209","76,501","107,727"
206051131,Port Melbourne Industrial, 610 , 30 ,"42,912,061","49,381","70,348"
206051132,South Melbourne,"8,953", 38 ,"843,708,161","65,395","94,237"
206051133,St Kilda,"20,537", 34 ,"1,596,845,433","59,622","77,755"
206051134,St Kilda East,"12,218", 34 ,"898,478,780","60,012","73,537"
206061135,Armadale,"6,974", 40 ,"778,500,109","69,563","111,629"
206061136,Prahran - Windsor,"15,150", 34 ,"1,341,199,229","66,724","88,528"
206061137,South Yarra - East,"16,272", 33 ,"1,541,734,638","66,969","94,748"
206061138,Toorak,"10,071", 49 ,"1,902,471,849","75,759","188,906"
206071139,Abbotsford,"6,589", 33 ,"515,133,619","64,090","78,181"
206071140,Carlton North - Princes Hill,"6,129", 37 ,"544,297,185","60,116","88,807"
206071141,Collingwood,"6,380", 33 ,"495,760,238","63,876","77,705"
206071142,Fitzroy,"7,189", 35 ,"618,516,101","60,939","86,036"
206071143,Fitzroy North,"8,812", 37 ,"821,275,019","65,192","93,200"
206071144,Richmond (Vicnp),"22,825", 34 ,"2,001,725,264","70,247","87,699"
206071145,Yarra - North,"6,261", 40 ,"623,334,756","70,982","99,558"
207011146,Ashburton (Vicnp),"4,892", 46 ,"470,750,756","62,937","96,229"
207011147,Balwyn,"11,052", 48 ,"978,070,216","51,902","88,497"
207011148,Balwyn North,"13,512", 48 ,"1,116,651,925","52,750","82,641"
207011149,Camberwell,"14,501", 47 ,"1,471,718,734","61,520","101,491"
207011150,Glen Iris - East,"11,555", 46 ,"1,180,383,194","65,964","102,153"
207011151,Hawthorn,"17,287", 38 ,"1,804,137,805","59,945","104,364"
207011152,Hawthorn East,"11,148", 39 ,"1,075,346,253","62,766","96,461"
207011153,Kew,"17,095", 45 ,"1,923,913,619","64,299","112,542"
207011154,Kew East,"4,272", 46 ,"396,461,672","60,124","92,805"
207011155,Surrey Hills (West) - Canterbury,"11,103", 48 ,"1,244,517,879","65,212","112,088"
207021156,Bulleen,"6,946", 47 ,"457,666,405","49,223","65,889"
207021157,Doncaster,"14,237", 44 ,"845,497,762","42,170","59,387"
207021159,Templestowe,"10,914", 49 ,"873,330,191","49,823","80,019"
207021160,Templestowe Lower,"8,144", 47 ,"531,411,670","48,542","65,252"
207021424,Doncaster East (North),"9,886", 47 ,"598,177,901","45,091","60,508"
207021425,Doncaster East (South),"8,612", 43 ,"488,856,872","42,223","56,765"
207031161,Blackburn,"14,088", 44 ,"1,002,721,718","52,500","71,176"
207031162,Blackburn South,"6,283", 45 ,"406,026,759","49,900","64,623"
207031163,Box Hill,"12,915", 38 ,"716,762,820","39,731","55,498"
207031164,Box Hill North,"11,124", 43 ,"739,440,373","49,538","66,473"
207031165,Burwood,"7,160", 37 ,"389,826,080","36,278","54,445"
207031166,Burwood East,"6,275", 43 ,"340,557,935","41,159","54,272"
207031167,Surrey Hills (East) - Mont Albert,"6,925", 46 ,"627,006,353","60,668","90,542"
208011168,Beaumaris,"9,258", 50 ,"880,248,220","59,983","95,080"
208011169,Brighton (Vicnp),"16,253", 50 ,"2,240,700,604","69,529","137,864"
208011170,Brighton East,"10,293", 48 ,"1,050,939,851","62,676","102,102"
208011171,Cheltenham - Highett (West),"7,438", 43 ,"586,614,784","61,107","78,867"
208011172,Hampton,"11,547", 47 ,"1,190,343,925","62,000","103,087"
208011173,Sandringham - Black Rock,"11,359", 50 ,"1,172,903,803","63,236","103,258"
208021174,Bentleigh - McKinnon,"15,047", 44 ,"1,163,915,094","57,362","77,352"
208021176,Carnegie,"11,945", 37 ,"821,610,549","54,084","68,783"
208021177,Caulfield - North,"14,662", 39 ,"1,415,250,989","60,528","96,525"
208021178,Caulfield - South,"11,675", 45 ,"999,498,852","59,427","85,610"
208021179,Elsternwick,"8,120", 41 ,"744,225,392","63,323","91,653"
208021180,Hughesdale,"4,600", 40 ,"313,286,133","54,341","68,106"
208021181,Murrumbeena,"6,259", 40 ,"449,869,903","55,451","71,876"
208021182,Ormond - Glen Huntly,"9,185", 38 ,"673,769,973","55,022","73,355"
208021426,Bentleigh East (North),"9,401", 44 ,"666,190,272","55,684","70,864"
208021427,Bentleigh East (South),"8,190", 44 ,"581,029,573","55,132","70,944"
208031183,Aspendale Gardens - Waterways,"5,618", 46 ,"378,036,159","53,498","67,290"
208031184,Braeside, 138 , 52 ,"11,024,833","64,828","79,890"
208031185,Carrum - Patterson Lakes,"7,424", 46 ,"520,598,275","55,429","70,124"
208031186,Chelsea - Bonbeach,"8,707", 42 ,"581,452,725","57,912","66,780"
208031187,Chelsea Heights,"3,165", 43 ,"190,720,687","54,284","60,259"
208031188,Cheltenham - Highett (East),"14,549", 42 ,"972,375,731","55,868","66,835"
208031189,Edithvale - Aspendale,"8,202", 44 ,"609,803,309","59,805","74,348"
208031190,Mentone,"8,596", 44 ,"620,723,232","57,231","72,211"
208031191,Moorabbin - Heatherton,"5,592", 43 ,"379,224,910","54,256","67,816"
208031192,Moorabbin Airport, 8 , 53 ,"991,399","72,075","123,925"
208031193,Mordialloc - Parkdale,"13,021", 45 ,"978,312,968","60,719","75,133"
208041194,Malvern - Glen Iris,"14,437", 43 ,"1,723,656,958","69,729","119,392"
208041195,Malvern East,"14,094", 43 ,"1,432,975,022","59,487","101,673"
209011196,Bundoora - East,"5,821", 42 ,"335,066,046","47,739","57,562"
209011197,Greensborough,"13,043", 44 ,"888,741,993","56,606","68,139"
209011198,Heidelberg - Rosanna,"9,755", 43 ,"732,130,901","60,604","75,052"
209011199,Heidelberg West,"8,179", 37 ,"474,931,189","49,231","58,067"
209011200,Ivanhoe,"8,255", 43 ,"751,862,734","63,441","91,080"
209011201,Ivanhoe East - Eaglemont,"5,519", 49 ,"615,687,218","67,321","111,558"
209011202,Montmorency - Briar Hill,"10,215", 45 ,"763,073,424","58,432","74,701"
209011203,Viewbank - Yallambie,"11,035", 44 ,"740,911,772","56,529","67,142"
209011204,Watsonia,"5,516", 42 ,"355,045,244","56,433","64,366"
209021205,Kingsbury,"6,278", 38 ,"362,096,331","42,110","57,677"
209021207,Reservoir - East,"15,566", 36 ,"837,120,075","47,487","53,779"
209021208,Reservoir - West,"13,801", 39 ,"788,634,443","48,975","57,143"
209021428,Preston - East,"12,549", 37 ,"769,622,993","52,263","61,329"
209021429,Preston - West,"7,839", 40 ,"515,395,421","54,494","65,748"
209031209,Eltham,"15,220", 47 ,"1,158,311,878","58,655","76,105"
209031210,Hurstbridge,"2,195", 46 ,"142,026,155","55,808","64,704"
209031211,Kinglake,"2,329", 45 ,"134,063,877","48,674","57,563"
209031212,Panton Hill - St Andrews,"3,317", 49 ,"225,009,152","50,492","67,835"
209031213,Plenty - Yarrambat,"6,326", 46 ,"489,333,985","58,178","77,353"
209031214,Research - North Warrandyte,"4,402", 48 ,"363,843,373","58,242","82,654"
209031215,Wattle Glen - Diamond Creek,"9,167", 45 ,"650,862,767","58,722","71,001"
209041216,Bundoora - North,"4,471", 40 ,"264,323,637","48,434","59,120"
209041217,Bundoora - West,"3,521", 40 ,"181,373,375","45,073","51,512"
209041219,Lalor,"11,440", 37 ,"561,186,680","43,883","49,055"
209041220,Mill Park - North,"10,984", 42 ,"630,422,132","50,871","57,395"
209041221,Mill Park - South,"6,918", 41 ,"379,388,816","48,854","54,841"
209041223,Thomastown,"10,402", 37 ,"505,935,684","43,212","48,638"
209041224,Wallan,"11,176", 39 ,"674,638,999","54,135","60,365"
209041225,Whittlesea,"4,855", 45 ,"303,874,364","51,318","62,590"
209041430,Doreen,"13,777", 39 ,"883,536,140","57,126","64,131"
209041431,Epping - East,"7,269", 39 ,"397,058,027","49,607","54,623"
209041432,Epping - South,"4,575", 38 ,"227,446,036","45,580","49,715"
209041433,Epping - West,"6,376", 37 ,"354,530,870","50,360","55,604"
209041434,Mernda,"11,828", 37 ,"719,444,686","54,937","60,826"
209041435,South Morang (North),"7,361", 40 ,"460,065,112","55,083","62,500"
209041436,South Morang (South),"7,125", 40 ,"416,932,045","52,760","58,517"
209041437,Wollert,"7,985", 35 ,"455,614,503","51,903","57,059"
210011226,Airport West,"4,842", 41 ,"315,715,682","58,506","65,204"
210011227,Essendon Airport, 18 , 53 ,"860,119","22,966","47,784"
210011228,Keilor,"5,366", 46 ,"368,956,535","54,647","68,758"
210011229,Keilor East,"15,130", 44 ,"979,397,953","53,443","64,732"
210011230,Niddrie - Essendon West,"4,482", 43 ,"322,799,365","58,938","72,021"
210011231,Strathmore,"6,429", 46 ,"516,377,414","60,499","80,320"
210021232,Gisborne,"8,257", 45 ,"604,983,367","58,611","73,269"
210021233,Macedon,"2,102", 49 ,"180,783,256","60,690","86,005"
210021234,Riddells Creek,"2,656", 47 ,"177,015,584","54,717","66,647"
210021235,Romsey,"5,883", 46 ,"388,566,841","52,984","66,049"
210031236,Coburg North,"5,067", 38 ,"316,290,905","53,697","62,422"
210031237,Fawkner,"7,001", 36 ,"354,570,149","42,163","50,646"
210031239,Pascoe Vale,"15,325", 37 ,"1,020,905,273","58,013","66,617"
210031438,Glenroy,"13,495", 34 ,"714,195,466","46,600","52,923"
210031439,Gowanbrae,"1,851", 43 ,"131,771,337","61,648","71,189"
210031440,Hadfield,"3,124", 38 ,"180,402,265","50,497","57,747"
210041240,Sunbury,"8,242", 44 ,"544,844,847","56,178","66,106"
210041241,Sunbury - South,"17,563", 41 ,"1,095,138,621","55,406","62,355"
210051242,Broadmeadows,"6,021", 33 ,"253,651,455","36,152","42,128"
210051243,Campbellfield - Coolaroo,"6,474", 36 ,"283,460,614","37,155","43,784"
210051245,Gladstone Park - Westmeadows,"10,202", 42 ,"592,330,444","51,616","58,060"
210051246,Greenvale - Bulla,"11,549", 40 ,"749,418,860","54,069","64,890"
210051247,Meadow Heights,"5,920", 36 ,"254,401,392","39,246","42,973"
210051248,Melbourne Airport, 63 , 51 ,"3,952,798","50,700","62,743"
210051249,Roxburgh Park - Somerton,"10,352", 38 ,"511,573,062","43,484","49,418"
210051250,Tullamarine,"3,683", 39 ,"211,378,766","52,864","57,393"
210051441,Craigieburn - Central,"4,492", 38 ,"232,623,543","47,641","51,786"
210051442,Craigieburn - North,"6,687", 38 ,"378,434,746","51,085","56,593"
210051443,Craigieburn - South,"10,195", 36 ,"542,810,680","48,568","53,243"
210051444,Craigieburn - West,"9,333", 35 ,"499,406,026","49,031","53,510"
210051445,Mickleham - Yuroke,"6,743", 34 ,"387,777,617","53,025","57,508"
211011251,Bayswater,"7,461", 40 ,"411,512,127","50,128","55,155"
211011254,Knoxfield - Scoresby,"9,898", 42 ,"586,623,671","50,921","59,267"
211011255,Lysterfield,"4,541", 45 ,"337,535,274","56,336","74,331"
211011256,Rowville - Central,"9,853", 43 ,"596,484,435","51,920","60,538"
211011257,Rowville - North,"5,082", 44 ,"322,817,353","53,111","63,522"
211011258,Rowville - South,"7,010", 45 ,"452,198,627","53,535","64,508"
211011259,Wantirna,"8,843", 44 ,"513,411,437","48,658","58,059"
211011260,Wantirna South,"11,320", 45 ,"672,304,520","48,434","59,391"
211011446,Boronia,"13,440", 41 ,"765,298,755","51,495","56,942"
211011447,Ferntree Gully (North),"8,275", 42 ,"481,396,362","51,491","58,175"
211011448,Ferntree Gully (South) - Upper Ferntree Gully,"9,344", 42 ,"553,105,326","52,396","59,194"
211011449,The Basin,"2,644", 43 ,"161,525,463","54,777","61,091"
211021261,Donvale - Park Orchards,"10,473", 47 ,"819,191,906","52,268","78,219"
211021262,Warrandyte - Wonga Park,"6,810", 48 ,"638,324,122","57,434","93,733"
211031263,Bayswater North,"7,251", 42 ,"432,546,004","52,676","59,653"
211031265,Croydon Hills - Warranwood,"11,754", 45 ,"797,312,729","55,075","67,833"
211031266,Ringwood,"10,844", 40 ,"648,525,639","50,678","59,805"
211031267,Ringwood East,"12,498", 43 ,"796,815,171","53,897","63,755"
211031268,Ringwood North,"6,168", 46 ,"423,034,560","54,948","68,585"
211031450,Croydon - East,"9,067", 40 ,"524,401,726","52,390","57,836"
211031451,Croydon - West,"8,092", 43 ,"502,090,603","51,471","62,048"
211031452,Croydon South,"2,861", 43 ,"169,918,882","52,306","59,391"
211041269,Forest Hill,"6,407", 43 ,"376,550,036","47,612","58,772"
211041270,Mitcham (Vicnp),"10,599", 42 ,"687,532,322","53,085","64,868"
211041271,Nunawading,"7,287", 41 ,"458,862,985","50,739","62,970"
211041272,Vermont,"6,497", 44 ,"407,569,209","50,431","62,732"
211041273,Vermont South,"7,617", 48 ,"464,556,054","44,201","60,989"
211051274,Belgrave - Selby,"6,372", 44 ,"419,034,816","53,055","65,762"
211051275,Chirnside Park,"7,024", 43 ,"442,566,323","53,497","63,008"
211051276,Healesville - Yarra Glen,"8,182", 46 ,"473,356,408","47,104","57,853"
211051277,Kilsyth,"5,430", 41 ,"318,001,702","51,353","58,564"
211051278,Lilydale - Coldstream,"11,566", 44 ,"742,521,372","52,006","64,199"
211051279,Monbulk - Silvan,"3,592", 46 ,"213,512,520","48,222","59,441"
211051280,Montrose,"4,102", 44 ,"262,363,777","53,267","63,960"
211051281,Mooroolbark,"13,601", 41 ,"822,290,059","52,876","60,458"
211051282,Mount Dandenong - Olinda,"6,085", 48 ,"406,680,978","51,924","66,833"
211051283,Mount Evelyn,"5,976", 43 ,"355,993,575","51,498","59,571"
211051284,Upwey - Tecoma,"6,287", 44 ,"401,381,161","55,406","63,843"
211051285,Wandin - Seville,"5,021", 44 ,"313,123,123","51,657","62,363"
211051286,Yarra Valley,"9,341", 45 ,"495,455,387","46,606","53,041"
212011287,Beaconsfield - Officer,"11,922", 38 ,"769,755,703","56,718","64,566"
212011288,Bunyip - Garfield,"5,567", 45 ,"325,057,688","48,943","58,390"
212011289,Emerald - Cockatoo,"11,140", 45 ,"716,877,715","52,792","64,352"
212011290,Koo Wee Rup,"4,848", 42 ,"268,607,499","48,999","55,406"
212011291,Pakenham - North,"11,529", 36 ,"650,072,404","52,165","56,386"
212011292,Pakenham - South,"16,821", 38 ,"928,435,372","50,193","55,195"
212021293,Berwick - North,"14,015", 46 ,"946,062,133","53,002","67,504"
212021294,Berwick - South,"15,969", 41 ,"1,005,201,746","53,890","62,947"
212021295,Doveton,"5,485", 36 ,"243,165,787","42,311","44,333"
212021297,Hallam,"5,791", 39 ,"287,522,045","44,234","49,650"
212021299,Narre Warren North,"5,159", 47 ,"387,780,437","53,639","75,166"
212021453,Endeavour Hills - North,"6,753", 41 ,"377,032,407","48,873","55,832"
212021454,Endeavour Hills - South,"7,785", 42 ,"415,614,307","47,321","53,387"
212021455,Narre Warren - North East,"7,998", 41 ,"445,488,668","50,238","55,700"
212021456,Narre Warren - South West,"8,031", 38 ,"411,023,591","47,749","51,180"
212031300,Cranbourne,"11,063", 38 ,"563,395,009","48,067","50,926"
212031301,Cranbourne East,"25,862", 36 ,"1,481,868,147","52,844","57,299"
212031302,Cranbourne North,"12,900", 38 ,"714,432,183","50,912","55,382"
212031303,Cranbourne South,"7,413", 39 ,"467,874,577","55,440","63,115"
212031304,Cranbourne West,"10,528", 36 ,"564,456,340","50,591","53,615"
212031305,Hampton Park - Lynbrook,"13,531", 38 ,"667,664,017","47,257","49,343"
212031306,Lynbrook - Lyndhurst,"9,537", 38 ,"554,016,945","52,114","58,091"
212031308,Pearcedale - Tooradin,"4,796", 45 ,"296,872,209","52,929","61,900"
212031457,Narre Warren South (East),"7,910", 43 ,"474,851,570","50,794","60,032"
212031458,Narre Warren South (West),"9,115", 40 ,"491,076,851","49,029","53,876"
212041309,Clarinda - Oakleigh South,"6,664", 42 ,"376,860,670","48,624","56,552"
212041310,Clayton South,"7,807", 35 ,"379,483,988","41,948","48,608"
212041311,Dandenong,"15,915", 35 ,"730,619,563","40,965","45,908"
212041312,Dandenong North,"12,036", 39 ,"602,649,475","45,046","50,071"
212041313,Dingley Village,"6,475", 46 ,"403,524,190","51,882","62,320"
212041314,Keysborough,"16,704", 39 ,"929,506,059","47,768","55,646"
212041316,Noble Park North,"4,012", 40 ,"198,841,399","45,550","49,562"
212041317,Springvale,"12,210", 35 ,"525,243,101","37,720","43,017"
212041318,Springvale South,"6,900", 38 ,"307,577,227","41,632","44,576"
212041459,Noble Park - East,"7,417", 34 ,"345,098,912","43,390","46,528"
212041460,Noble Park - West,"10,508", 36 ,"464,136,260","40,731","44,170"
212051319,Ashwood - Chadstone,"11,715", 38 ,"753,816,599","50,605","64,346"
212051320,Clayton,"11,056", 31 ,"489,690,526","33,446","44,292"
212051321,Glen Waverley - East,"13,505", 46 ,"809,886,338","41,614","59,969"
212051322,Glen Waverley - West,"12,548", 44 ,"729,110,296","42,153","58,106"
212051323,Mount Waverley - North,"10,220", 45 ,"672,191,673","46,068","65,772"
212051324,Mount Waverley - South,"12,055", 44 ,"801,323,430","49,174","66,472"
212051325,Mulgrave,"11,496", 42 ,"681,699,528","49,274","59,299"
212051326,Oakleigh - Huntingdale,"13,624", 39 ,"853,123,995","51,092","62,619"
212051327,Wheelers Hill,"12,805", 48 ,"878,551,465","46,840","68,610"
213011328,Ardeer - Albion,"4,479", 35 ,"224,299,173","44,333","50,078"
213011329,Cairnlea,"5,567", 40 ,"303,235,465","48,507","54,470"
213011330,Deer Park - Derrimut,"14,083", 37 ,"759,999,250","49,400","53,966"
213011331,Delahey,"4,551", 39 ,"231,112,531","47,704","50,783"
213011332,Keilor Downs,"7,466", 42 ,"416,752,682","48,481","55,820"
213011333,Kings Park (Vicnp),"6,608", 39 ,"305,458,502","44,383","46,226"
213011334,St Albans - North,"10,444", 35 ,"456,210,821","39,148","43,682"
213011335,St Albans - South,"8,533", 36 ,"370,912,781","39,238","43,468"
213011336,Sunshine,"5,971", 35 ,"299,258,602","42,718","50,119"
213011337,Sunshine North,"6,314", 37 ,"298,793,792","41,568","47,322"
213011338,Sunshine West,"9,833", 37 ,"483,082,838","44,582","49,129"
213011339,Sydenham,"6,974", 39 ,"387,143,533","49,930","55,512"
213011340,Taylors Lakes,"11,001", 46 ,"698,154,131","53,445","63,463"
213021341,Altona,"8,061", 43 ,"580,306,826","60,433","71,989"
213021342,Altona Meadows,"10,928", 40 ,"642,919,175","53,710","58,832"
213021343,Altona North,"7,539", 38 ,"493,062,953","56,991","65,402"
213021344,Newport,"11,533", 41 ,"961,888,697","69,816","83,403"
213021345,Seabrook,"3,020", 41 ,"184,735,807","53,840","61,171"
213021346,Williamstown,"10,154", 47 ,"958,028,224","65,886","94,350"
213031347,Braybrook,"10,693", 34 ,"565,601,826","45,758","52,895"
213031348,Footscray,"11,301", 33 ,"652,076,504","49,243","57,701"
213031349,Maribyrnong,"8,528", 36 ,"566,293,860","54,054","66,404"
213031350,Seddon - Kingsville,"6,027", 39 ,"471,420,532","66,372","78,218"
213031351,West Footscray - Tottenham,"7,505", 36 ,"472,777,662","54,086","62,995"
213031352,Yarraville,"9,714", 40 ,"807,524,223","69,410","83,130"
213041353,Bacchus Marsh,"12,832", 42 ,"812,107,265","55,049","63,288"
213041355,Hillside,"13,769", 39 ,"859,239,530","55,436","62,404"
213041356,Melton,"10,019", 40 ,"538,426,019","49,429","53,740"
213041357,Melton South,"14,613", 37 ,"820,527,193","51,631","56,150"
213041358,Melton West,"10,446", 38 ,"577,789,936","50,890","55,312"
213041359,Rockbank - Mount Cottrell,"3,367", 35 ,"191,944,310","51,869","57,008"
213041360,Taylors Hill,"10,902", 40 ,"690,793,552","55,206","63,364"
213041461,Burnside,"2,803", 41 ,"158,207,119","51,099","56,442"
213041462,Burnside Heights,"3,419", 38 ,"202,846,448","53,194","59,329"
213041463,Caroline Springs,"11,530", 41 ,"738,554,425","56,469","64,055"
213051361,Hoppers Crossing - North,"11,451", 40 ,"645,435,168","50,021","56,365"
213051362,Hoppers Crossing - South,"10,907", 39 ,"566,429,792","46,357","51,933"
213051363,Laverton,"6,951", 34 ,"397,099,029","48,242","57,128"
213051365,Tarneit,"25,458", 35 ,"1,400,237,891","49,502","55,002"
213051366,Truganina,"17,078", 35 ,"946,544,389","49,591","55,425"
213051368,Werribee - South,"8,336", 41 ,"528,354,230","54,254","63,382"
213051369,Wyndham Vale,"15,141", 36 ,"878,728,157","53,042","58,036"
213051464,Point Cook - East,"9,880", 38 ,"678,916,585","54,778","68,716"
213051465,Point Cook - North,"13,669", 40 ,"890,452,055","55,479","65,144"
213051466,Point Cook - South,"10,044", 37 ,"685,206,949","59,244","68,221"
213051467,Werribee - East,"10,231", 39 ,"541,760,223","48,183","52,953"
213051468,Werribee - West,"9,783", 37 ,"594,999,767","54,038","60,820"
214011370,Carrum Downs,"12,512", 39 ,"706,682,933","52,775","56,480"
214011371,Frankston,"13,243", 41 ,"732,747,364","49,025","55,331"
214011372,Frankston North,"9,834", 40 ,"495,642,667","47,096","50,401"
214011373,Frankston South,"11,338", 46 ,"759,553,151","52,775","66,992"
214011374,Langwarrin,"14,904", 42 ,"925,961,602","54,344","62,128"
214011375,Seaford (Vicnp),"9,736", 42 ,"568,196,334","52,561","58,360"
214011376,Skye - Sandhurst,"8,253", 42 ,"543,151,927","56,067","65,813"
214021377,Dromana,"7,194", 49 ,"430,105,453","45,133","59,787"
214021378,Flinders,"3,770", 54 ,"309,813,173","48,001","82,179"
214021379,Hastings - Somers,"12,638", 44 ,"718,730,635","47,771","56,871"
214021380,Mornington,"14,806", 48 ,"922,041,718","48,011","62,275"
214021381,Mount Eliza,"11,642", 49 ,"1,004,905,998","57,054","86,317"
214021382,Mount Martha,"11,837", 48 ,"846,089,763","51,240","71,478"
214021383,Point Nepean,"10,772", 50 ,"663,023,638","42,054","61,551"
214021384,Rosebud - McCrae,"11,356", 48 ,"559,703,486","41,225","49,287"
214021385,Somerville,"11,527", 44 ,"697,097,022","50,618","60,475"
215011386,Ararat,"4,213", 46 ,"220,255,875","46,014","52,280"
215011387,Ararat Region,"1,890", 50 ,"114,261,122","47,161","60,456"
215011388,Horsham,"9,682", 44 ,"530,774,083","48,609","54,821"
215011389,Horsham Region,"2,227", 49 ,"130,847,862","48,229","58,755"
215011390,Nhill Region,"3,917", 50 ,"251,100,489","47,884","64,105"
215011391,St Arnaud,"1,871", 50 ,"92,074,351","40,796","49,211"
215011392,Stawell,"4,657", 48 ,"243,544,214","46,277","52,296"
215011393,West Wimmera,"1,616", 51 ,"106,292,278","48,912","65,775"
215011394,Yarriambiack,"3,555", 51 ,"186,537,845","44,238","52,472"
215021395,Irymple,"4,121", 44 ,"238,536,200","48,528","57,883"
215021396,Merbein,"2,612", 45 ,"130,741,309","44,855","50,054"
215021398,Mildura Region,"2,058", 48 ,"100,131,275","42,224","48,655"
215021399,Red Cliffs,"3,188", 43 ,"149,188,367","42,024","46,797"
215021469,Mildura - North,"10,131", 42 ,"539,782,287","44,735","53,280"
215021470,Mildura - South,"8,944", 42 ,"476,213,771","47,259","53,244"
215031400,Buloke,"3,412", 51 ,"161,722,190","40,194","47,398"
215031401,Gannawarra,"3,642", 49 ,"167,870,345","40,105","46,093"
215031402,Kerang,"2,016", 50 ,"95,820,138","41,578","47,530"
215031403,Robinvale,"2,028", 39 ,"114,932,525","40,631","56,673"
215031404,Swan Hill,"6,482", 42 ,"351,742,685","47,032","54,265"
215031405,Swan Hill Region,"3,593", 46 ,"190,111,967","45,118","52,912"
216011406,Echuca,"9,084", 46 ,"495,079,836","46,573","54,500"
216011407,Kyabram,"6,189", 46 ,"294,342,836","43,561","47,559"
216011408,Lockington - Gunbower,"2,267", 47 ,"107,001,159","42,995","47,199"
216011409,Rochester,"2,215", 48 ,"106,477,960","42,145","48,071"
216011410,Rushworth,"2,094", 50 ,"94,881,066","39,503","45,311"
216021411,Cobram,"3,301", 44 ,"164,702,353","43,338","49,895"
216021412,Moira,"1,621", 49 ,"79,764,690","41,048","49,207"
216021413,Numurkah,"6,938", 47 ,"318,126,496","42,225","45,853"
216021414,Yarrawonga,"4,310", 48 ,"214,220,865","41,980","49,703"
216031415,Mooroopna,"4,196", 43 ,"201,300,338","45,031","47,974"
216031416,Shepparton - North,"11,076", 43 ,"648,674,147","49,055","58,566"
216031417,Shepparton - South,"12,980", 41 ,"675,475,553","44,866","52,040"
216031418,Shepparton Region - East,"2,510", 48 ,"121,351,423","43,882","48,347"
216031419,Shepparton Region - West,"5,784", 46 ,"293,956,111","44,940","50,822"
217011420,Glenelg (Vicnp),"5,052", 50 ,"269,029,754","45,234","53,252"
217011421,Hamilton (Vicnp),"5,842", 47 ,"308,476,425","45,492","52,803"
217011422,Portland,"6,027", 46 ,"344,255,035","47,803","57,119"
217011423,Southern Grampians,"3,748", 50 ,"208,367,680","45,499","55,594"
217031471,Camperdown,"1,928", 49 ,"98,146,946","44,698","50,906"
217031472,Colac,"7,434", 42 ,"389,983,249","47,628","52,459"
217031473,Colac Region,"3,519", 47 ,"166,453,772","41,860","47,301"
217031474,Corangamite - North,"3,006", 49 ,"165,934,389","45,668","55,201"
217031475,Corangamite - South,"4,425", 48 ,"212,721,583","40,261","48,073"
217031476,Otway,"2,360", 51 ,"109,617,595","36,219","46,448"
217041477,Moyne - East,"4,081", 46 ,"226,791,976","46,071","55,573"
217041478,Moyne - West,"5,852", 48 ,"325,059,577","45,256","55,547"
217041479,Warrnambool - North,"13,157", 43 ,"738,088,967","48,855","56,099"
217041480,Warrnambool - South,"8,052", 44 ,"469,001,061","47,242","58,247"
