postcode,2021_population,2022_population,2023_population,2024_population,2025_population,income_mean,income_median
3000,43823.0,47939.0,52442.0,57368.0,62757.0,52476.0,30024.0
3001,0.0,0.0,0.0,0.0,0.0,0.0,0.0
3002,4962.0,5036.0,5111.0,5187.0,5264.0,132130.0,75755.0
3004,8797.876564417178,9447.261840490797,10153.743067484662,10922.731288343557,11759.357546012268,60208.31582822086,35776.034601226995
3005,0.0,0.0,0.0,0.0,0.0,0.0,0.0
3006,25424.063763451675,27062.707995574776,28837.273981695664,30759.603137885948,32843.031962184454,122949.6638439103,86225.68802172382
3008,15942.0,22673.0,32247.0,45864.0,65231.0,71476.0,55150.0
3010,0.0,0.0,0.0,0.0,0.0,0.0,0.0
3011,23118.58103975535,23526.180428134558,23940.77981651376,24363.987767584098,24795.195718654435,105301.55657492355,89634.52293577982
3012,40988.6451388444,41518.995843832294,42057.38289803872,42605.01302539674,43160.9807323726,161992.09768542997,140290.01703301255
3013,15653.0,15826.0,16001.0,16178.0,16357.0,83130.0,69410.0
3015,18985.0,19228.0,19474.0,19724.0,19977.0,83403.0,69816.0
3016,16074.0,16183.0,16293.0,16403.0,16514.0,94350.0,65886.0
3018,13652.0,13728.0,13804.0,13881.0,13958.0,71989.0,60433.0
3019,3576.2356687898086,3650.8598726114647,3726.9617834394903,3804.726114649681,3884.152866242038,9770.414012738853,8452.114649681527
3020,37671.90852298081,37953.83792949576,38238.25327978581,38524.15457385096,38811.9521642124,166199.65765283356,145685.8490852298
3021,46962.35220125786,46894.06918238994,46827.698113207545,46763.23899371069,46699.69182389937,140813.03144654087,127743.23270440252
3022,787.6296296296296,793.1259259259259,798.6222222222221,804.1185185185185,809.7185185185185,5193.274074074074,4597.496296296296
3023,54920.753501400555,63730.233193277316,74827.68837535013,89008.89285714286,107391.0525210084,263812.53781512607,236201.75840336134
3024,56503.95266488413,62658.034660045836,69783.40524318819,78061.35771708684,87711.51524191495,115377.08019607842,103592.16528011205
3025,15086.0,15187.0,15289.0,15392.0,15495.0,65402.0,56991.0
3026,1462.1858146243571,1523.8321836197165,1588.0904302019317,1655.0948827292111,1724.963125548727,5197.4426188385805,4485.512479618714
3027,21844.089552238805,25435.223880597016,29651.20895522388,34602.432835820895,40419.08955223881,79800.53731343284,64138.388059701494
3028,32268.91791044776,32654.0447761194,33057.64179104478,33481.18656716418,33925.41791044776,162209.50746268657,143191.4776119403
3029,97876.255,115123.695,136104.805,161632.81,192695.01,150566.41,134510.91
3030,78743.34555640438,91247.8113063407,108639.28520499109,133251.35014005602,168568.07664884135,210026.48459383752,185228.9131652661
3031,15192.192771084337,15415.265060240963,15641.807228915663,15872.349397590362,16105.891566265062,112616.22891566265,93083.1686746988
3032,32937.80722891566,33625.73493975904,34335.19277108434,35065.65060240964,35819.10843373494,182684.77108433735,144249.8313253012
3033,2115.9384615384615,2107.0769230769233,2098.2153846153847,2089.3538461538465,2080.7384615384617,16925.046153846153,13451.569230769232
3034,27645.0,27736.0,27827.0,27919.0,28011.0,64732.0,53443.0
3036,1264.755410691004,1262.2294654498046,1259.7035202086051,1257.1775749674055,1254.69778357236,6400.378357235984,5239.711603650587
3037,62300.3483992467,67497.63559322033,73743.86723163842,81269.98775894538,90358.33050847458,239104.27306967985,212444.03766478342
3038,5212.393561454003,5199.642682016843,5186.979852894147,5174.405074085918,5161.918345592154,19973.985502611664,16950.631702377144
3039,16406.0,16624.0,16845.0,17069.0,17296.0,81817.0,62722.0
3040,27323.50584007188,27581.413072776282,27842.30727762803,28105.462264150945,28370.878032345016,115457.0649146451,89761.77403414196
3041,16738.446540880504,16864.622641509435,16991.264150943396,17119.37106918239,17247.943396226416,99473.89937106919,74741.44025157232
3042,16379.370695970698,16445.81043956044,16513.7978021978,16583.058974358974,16653.301648351648,133583.5434065934,113317.04725274726
3043,24540.625,24843.8125,25183.0,25562.1875,25985.375,175755.75,156450.0
3044,19691.909090909092,19911.818181818184,20133.909090909092,20358.818181818184,20586.545454545456,96994.36363636363,80962.63636363637
3045,0.0,0.0,0.0,0.0,0.0,0.0,0.0
3046,46414.09090909091,46985.181818181816,47564.09090909091,48150.181818181816,48743.454545454544,153062.63636363635,134014.36363636365
3047,24577.280487804877,24688.80487804878,24801.329268292684,24914.853658536587,25029.37804878049,70427.41463414635,60166.817073170736
3048,19637.329268292684,19598.29268292683,19559.256097560974,19521.219512195123,19483.182926829268,55253.87804878049,49667.5243902439
3049,3408.375,3402.1875,3396.0,3389.8125,3383.625,10886.25,9678.0
3050,0.0,0.0,0.0,0.0,0.0,0.0,0.0
3051,23617.0,24478.0,25370.0,26295.0,27254.0,66723.0,50074.0
3052,7446.0,7576.0,7708.0,7843.0,7980.0,72420.0,49544.0
3053,17198.0,17740.0,18299.0,18875.0,19470.0,59791.0,38891.0
3054,8295.0,8289.0,8283.0,8277.0,8271.0,88807.0,60116.0
3055,24625.158995815902,24863.26359832636,25103.907949790795,25347.092050209205,25592.81589958159,96728.48117154812,78474.08786610879
3056,16179.8410041841,16379.73640167364,16582.092050209205,16786.907949790795,16994.18410041841,42373.51882845188,35300.912133891215
3057,12963.0,13346.0,13740.0,14146.0,14564.0,70497.0,59822.0
3058,35372.0,35710.0,36052.0,36398.0,36747.0,128806.0,108584.0
3059,21212.526315789473,22094.526315789473,23013.473684210527,23970.315789473683,24966.94736842105,61474.73684210526,51223.26315789473
3060,14193.0,14296.0,14400.0,14505.0,14610.0,50646.0,42163.0
3061,1189.390243902439,1189.90243902439,1190.4146341463413,1190.9268292682925,1191.4390243902437,3203.7073170731705,2718.6585365853657
3062,0.0,0.0,0.0,0.0,0.0,0.0,0.0
3063,1297.6462730430135,1369.50921720545,1447.8105797488643,1533.4456318461125,1627.5247127972214,3707.181939620625,3114.8992786534864
3064,66626.27185561197,72640.97456801518,79578.19048351535,87605.06686150849,96922.58852484234,220377.8589960519,194680.47392708814
3065,10609.0,10741.0,10874.0,11009.0,11146.0,86036.0,60939.0
3066,9348.0,9628.0,9916.0,10213.0,10519.0,77705.0,63876.0
3067,9262.0,9651.0,10056.0,10478.0,10918.0,78181.0,64090.0
3068,22935.0,23167.0,23401.0,23638.0,23877.0,192758.0,136174.0
3070,25657.0,25909.0,26163.0,26420.0,26679.0,82863.0,64111.0
3071,19152.0,19264.0,19376.0,19489.0,19603.0,71753.0,59278.0
3072,33825.0,34159.0,34496.0,34836.0,35180.0,127077.0,106757.0
3073,44149.752100840335,44270.47478991597,44394.0,44520.32773109244,44647.65546218488,92812.01680672269,82165.53781512605
3074,3991.2478991596636,3969.5252100840335,3948.0,3926.6722689075627,3905.344537815126,9604.98319327731,8533.46218487395
3075,23663.0,23784.0,23906.0,24029.0,24152.0,49055.0,43883.0
3076,12280.0,14598.0,17353.0,20628.0,24521.0,55604.0,50360.0
3078,9072.0,9136.0,9201.0,9266.0,9332.0,84148.0,61806.0
3079,16496.017699115044,16613.548672566372,16732.0796460177,16851.610619469026,16972.141592920354,147352.61946902654,97399.38053097346
3081,15038.0,15131.0,15225.0,15319.0,15414.0,58067.0,49231.0
3082,17647.0,17597.0,17547.0,17497.0,17448.0,57395.0,50871.0
3083,13754.328859060402,13936.59731543624,14125.268456375838,14321.342281879195,14523.818791946309,92543.95973154363,75030.44966442953
3084,30753.80048270314,30966.80486278716,31183.374899436843,31401.94493608653,31622.51497273621,168316.6936622866,125942.61946902654
3085,11253.852959121416,11355.049149210223,11459.276998169615,11566.10216256525,11675.524642397126,45807.72713714324,36705.55033557047
3086,0.0,0.0,0.0,0.0,0.0,0.0,0.0
3087,9303.0,9295.0,9287.0,9279.0,9271.0,64366.0,56433.0
3088,33047.46808510638,33064.19148936171,33080.914893617024,33097.63829787234,33114.36170212766,122178.02127659574,98875.95744680852
3089,14539.0,14643.0,14748.0,14854.0,14961.0,71001.0,58722.0
3090,9522.0,9619.0,9717.0,9816.0,9916.0,77353.0,58178.0
3091,0.0,0.0,0.0,0.0,0.0,0.0,0.0
3093,1417.7021276595744,1421.787234042553,1425.8723404255318,1429.9574468085107,1434.0425531914893,6357.531914893617,4972.936170212766
3094,3189.8297872340427,3199.0212765957444,3208.2127659574467,3217.404255319149,3226.595744680851,14304.446808510638,11189.106382978724
3095,28949.75,28922.5,28895.25,28868.0,28840.75,138095.5,102336.5
3096,0.0,0.0,0.0,0.0,0.0,0.0,0.0
3097,0.0,0.0,0.0,0.0,0.0,0.0,0.0
3099,3789.507042253521,3781.549295774648,3773.5915492957747,3765.6338028169016,3757.676056338028,67570.26760563381,57941.464788732395
3101,24878.0,24921.0,24964.0,25007.0,25050.0,112542.0,64299.0
3102,2250.910447761194,2258.805970149254,2266.7014925373132,2274.597014925373,2282.492537313433,31858.432835820895,20639.582089552237
3103,20638.089552238805,20706.194029850747,20774.298507462685,20842.402985074626,20910.507462686568,149443.5671641791,91386.41791044775
3104,21411.0,21486.0,21562.0,21638.0,21714.0,82641.0,52750.0
3105,11371.0,11387.0,11403.0,11419.0,11435.0,65889.0,49223.0
3106,17105.0,17101.0,17097.0,17093.0,17089.0,80019.0,49823.0
3107,14278.0,14311.0,14344.0,14377.0,14410.0,65252.0,48542.0
3108,25172.0,25574.0,25982.0,26397.0,26818.0,59387.0,42170.0
3109,31385.0,31625.0,31868.0,32114.0,32363.0,117273.0,87314.0
3111,5357.061224489796,5366.204081632653,5375.346938775509,5384.489795918367,5393.632653061224,25540.897959183672,17067.102040816324
3113,2363.401515151515,2364.621212121212,2365.840909090909,2367.060606060606,2368.280303030303,26344.28787878788,18041.348484848484
3114,334.81632653061223,335.3877551020408,335.95918367346934,336.53061224489795,337.1020408163265,1596.3061224489795,1066.6938775510203
3115,154.28787878787878,154.53030303030303,154.77272727272728,155.01515151515153,155.25757575757575,1420.1969696969697,870.2121212121212
3116,11873.0,12052.0,12234.0,12419.0,12606.0,63008.0,53497.0
3121,32055.0,32502.0,32956.0,33416.0,33883.0,87699.0,70247.0
3122,19897.125155334637,20050.838629504702,20206.015977276762,20362.21533818569,20519.87857269661,103169.35576069591,62511.06586188532
3123,14399.235309781645,14510.475323983668,14622.774720397656,14735.813731581751,14849.912124977809,74662.03377418782,45238.271347417
3124,25301.63953488372,25417.686046511626,25534.20930232558,25651.970930232557,25770.20930232558,124484.61046511628,76481.66279069768
3125,10870.125709958349,10914.362362741385,10959.117001135934,11004.389625141992,11050.18023475956,67195.1790988262,40285.63574403635
3126,2540.5263157894738,2541.6315789473683,2542.736842105263,2543.842105263158,2544.9473684210525,17698.105263157893,10296.631578947368
3127,16189.894736842105,16246.473684210527,16303.052631578947,16360.631578947368,16418.21052631579,131837.57894736843,84693.47368421053
3128,28691.363309352517,29242.13309352518,29803.773381294966,30376.28417266187,30960.6654676259,79195.28417266186,55521.06474820144
3129,18304.0,18441.0,18579.0,18718.0,18858.0,66473.0,49538.0
3130,33382.0,33579.0,33778.0,33978.0,34179.0,135799.0,102400.0
3131,23388.0,23534.0,23682.0,23830.0,23979.0,121742.0,98351.0
3132,27649.122448979593,27815.408163265303,27982.69387755102,28151.979591836734,28322.26530612245,115949.79591836734,87219.20408163265
3133,23127.0,23201.0,23276.0,23351.0,23427.0,123721.0,94632.0
3134,62708.011311685725,63056.80068123092,63408.299353101684,63763.50732729802,64121.42460381995,295609.5079958801,225652.5230751161
3135,6206.686046511628,6252.325581395349,6298.2558139534885,6344.476744186047,6390.988372093024,18533.43023255814,15667.732558139536
3136,27910.86324786325,28173.222222222223,28438.581196581195,28707.94017094017,28980.29914529915,153906.07692307694,130137.68376068377
3137,13470.666666666668,13555.958333333334,13641.25,13727.541666666668,13813.833333333334,75962.79166666667,66716.83333333333
3138,23447.0,23661.0,23877.0,24095.0,24315.0,60458.0,52876.0
3139,13608.333333333332,13669.666666666666,13732.0,13794.333333333332,13857.0,80043.33333333333,67192.33333333333
3140,19783.0,19983.0,20185.0,20389.0,20595.0,64199.0,52006.0
3141,21392.485398773002,21886.5909202454,22393.7845398773,22913.29325153374,23445.94306748466,170031.8252760736,102492.16785276073
3142,17996.754601226996,18116.0490797546,18238.9754601227,18365.306748466257,18495.496932515336,210413.2147239264,90960.55214723926
3143,9436.0,9479.0,9522.0,9565.0,9609.0,111629.0,69563.0
3144,2537.592920353982,2550.477876106195,2563.4867256637167,2576.495575221239,2589.6283185840707,14791.929203539823,8638.991150442478
3145,39299.470833526386,39578.251895782174,39859.37481402545,40142.37498648628,40427.71701493459,187612.216188667,111938.43845464793
3146,8428.433628318584,8471.230088495575,8514.438053097345,8557.646017699115,8601.265486725662,49130.33628318584,28693.79203539823
3147,17578.793103448275,17782.93103448276,17989.48275862069,18198.44827586207,18410.8275862069,127292.58620689655,87367.0
3148,31415.206896551725,31703.402298850575,31994.406130268202,32289.2183908046,32586.839080459773,121648.41379310345,85462.33333333333
3149,40799.0,41196.0,41596.0,42000.0,42408.0,124578.0,91327.0
3150,42753.0,42753.0,42753.0,42753.0,42753.0,128579.0,88454.0
3151,10778.0,10809.0,10840.0,10871.0,10902.0,54272.0,41159.0
3152,32552.0,32542.0,32532.0,32522.0,32512.0,117450.0,97092.0
3153,21184.333333333336,21327.041666666668,21470.75,21615.458333333336,21761.166666666668,97409.20833333334,87440.16666666667
3154,4380.0,4372.0,4364.0,4356.0,4348.0,61091.0,54777.0
3155,23831.0,24001.0,24172.0,24344.0,24518.0,56942.0,51495.0
3156,48544.0,48657.0,48771.0,48885.0,49000.0,247532.0,209096.0
3158,9848.0,9823.0,9798.0,9773.0,9748.0,63843.0,55406.0
3159,0.0,0.0,0.0,0.0,0.0,0.0,0.0
3160,0.0,0.0,0.0,0.0,0.0,0.0,0.0
3161,10238.502617801047,10331.706806282722,10425.811518324606,10520.816753926701,10616.722513089004,43461.51832460733,27253.445026178008
3162,10214.687857198778,10293.14914272293,10372.34392859939,10451.762780865889,10531.915133484694,65873.4745948485,45574.48015344868
3163,45543.54356846473,45990.16597510374,46441.883817427384,46898.24481327801,47358.70124481328,227726.96680497925,172220.7593360996
3164,0.0,0.0,0.0,0.0,0.0,0.0,0.0
3165,16756.0,16997.0,17241.0,17489.0,17740.0,70864.0,55684.0
3166,27177.36,27438.88,27703.079999999998,27969.8,28239.2,120705.95999999999,97258.28
3167,3720.64,3757.12,3793.92,3831.2000000000003,3868.8,10019.04,8174.72
3168,22492.0,23029.0,23579.0,24142.0,24719.0,44292.0,33446.0
3169,25226.0,25298.0,25371.0,25446.0,25523.0,105160.0,90572.0
3170,20078.0,20250.0,20424.0,20599.0,20776.0,59299.0,49274.0
3171,22537.0,22759.0,22984.0,23211.0,23440.0,43017.0,37720.0
3172,23292.0,23360.0,23428.0,23496.0,23565.0,106896.0,93514.0
3173,4212.1578947368425,4336.776315789474,4465.125,4597.203947368422,4733.289473684211,7687.934210526317,6599.526315789474
3174,32719.0,33067.0,33419.0,33775.0,34135.0,90698.0,84121.0
3175,80444.84210526316,81738.22368421053,83063.875,84421.79605263157,85813.71052631579,143937.06578947368,127179.47368421053
3176,0.0,0.0,0.0,0.0,0.0,0.0,0.0
3177,12061.0,12171.0,12282.0,12394.0,12507.0,44333.0,42311.0
3178,15540.0,15512.0,15484.0,15456.0,15428.0,60538.0,51920.0
3179,7722.923076923077,7814.307692307692,7907.076923076924,8000.769230769231,8095.384615384616,27354.0,23502.0
3180,9010.076923076922,9116.692307692307,9224.923076923076,9334.23076923077,9444.615384615385,31913.0,27419.0
3181,19460.0,19620.0,19781.0,19943.0,20107.0,88528.0,66724.0
3182,26204.0,26583.0,26968.0,27358.0,27754.0,77755.0,59622.0
3183,11076.497005988023,11113.68263473054,11150.868263473054,11188.053892215568,11225.239520958085,50639.251497005986,41325.62874251497
3184,15041.0,15133.0,15226.0,15319.0,15413.0,92171.0,68634.0
3185,10910.993560049712,10972.940006778896,11035.377019545813,11097.814032312734,11160.741611117388,67859.59755959778,49750.484465032205
3186,23053.0,23161.0,23269.0,23378.0,23487.0,137864.0,69529.0
3187,20855.829875518673,21014.008298755187,21173.414937759335,21334.04979253112,21495.912863070538,121639.55186721991,76238.17842323652
3188,18406.0,18534.0,18663.0,18793.0,18924.0,103087.0,62000.0
3189,8361.818181818182,8510.0,8660.90909090909,8814.545454545454,8970.90909090909,61650.90909090909,49323.63636363636
3190,12541.0,12706.0,12873.0,13042.0,13214.0,78867.0,61107.0
3191,7299.166666666667,7370.416666666667,7442.5,7515.0,7588.333333333334,43024.16666666667,26348.333333333336
3192,24355.0,24614.0,24875.0,25139.0,25406.0,66835.0,55868.0
3193,24342.833333333336,24514.583333333336,24687.5,24861.0,25036.666666666668,155313.83333333334,96870.66666666667
3194,13304.0,13399.0,13494.0,13590.0,13687.0,72211.0,57231.0
3195,39078.63636363637,39663.545454545456,40258.09090909091,40862.27272727273,41477.09090909091,269625.36363636365,217102.72727272726
3196,25710.363636363636,25965.454545454544,26223.909090909092,26485.727272727272,26750.909090909092,154074.63636363635,133943.27272727274
3197,12115.0,12215.0,12316.0,12418.0,12521.0,70124.0,55429.0
3198,17359.0,17416.0,17473.0,17530.0,17587.0,58360.0,52561.0
3199,60086.28571428571,60246.752380952385,60408.219047619044,60569.68571428572,60733.15238095238,166483.87619047618,143065.06666666665
3200,2434.714285714286,2431.247619047619,2427.7809523809524,2424.3142857142857,2420.847619047619,6240.1238095238095,5830.933333333333
3201,22262.0,22675.0,23096.0,23525.0,23962.0,56480.0,52775.0
3202,836.1818181818182,851.0,866.0909090909091,881.4545454545455,897.0909090909091,6165.090909090909,4932.363636363637
3204,31215.448132780082,31629.053941908714,32048.112033195022,32473.07468879668,32903.48962655602,110529.15767634855,82247.46887966804
3205,3112.819672131148,3171.3901639344267,3231.2229508196724,3292.065573770492,3354.170491803279,23790.980327868856,16509.557377049183
3206,16023.0,16234.0,16448.0,16664.0,16883.0,120412.0,67518.0
3207,17845.0,18962.0,20496.0,22662.0,25789.0,178075.0,125882.0
3211,267.3076923076923,273.62820512820514,280.0897435897436,286.7051282051282,293.47435897435895,817.7307692307692,707.0384615384615
3212,9355.76923076923,9576.98717948718,9803.141025641025,10034.679487179488,10271.602564102564,28620.576923076926,24746.346153846156
3213,5321.8394648829435,5362.453323945315,5403.631285571789,5445.5115883353865,5488.094232236108,13508.044358387608,11812.497095581763
3214,24514.0,24557.842105263157,24601.684210526317,24645.526315789473,24689.368421052633,43273.05263157895,39520.52631578947
3215,23117.92071611253,23282.393861892582,23446.867007672634,23612.66496163683,23779.787723785164,81132.64961636829,68426.71867007672
3216,60106.47641509434,61645.16981132075,63238.99528301887,64890.34905660378,66602.62735849057,160606.6745283019,131012.5896226415
3217,60311.82305469569,62512.92055594588,64803.97793969342,67188.71416810631,69669.91413741847,191295.97819355733,149496.29293059607
3218,19980.018975332066,20487.21062618596,21018.595825426946,21575.73055028463,22160.550284629982,101196.33776091083,85840.0569259962
3219,14327.047027027029,14402.215135135135,14478.345945945946,14554.476756756758,14630.86756756757,52875.46918918919,45778.15783783784
3220,20378.98,20470.92,20563.6,20657.28,20751.7,135282.72,97899.68
3221,0.0,0.0,0.0,0.0,0.0,0.0,0.0
3222,23834.95798319328,24428.9243697479,25037.88655462185,25662.962184873948,26304.268907563026,103964.55462184874,82014.7899159664
3223,9450.0,9720.0,9997.0,10282.0,10575.0,53904.0,39988.0
3224,17791.972972972973,18146.864864864867,18510.054054054053,18882.243243243243,19262.432432432433,71513.81081081081,63590.16216216216
3225,1948.5714285714287,1976.4285714285716,2004.642857142857,2033.2142857142858,2062.1428571428573,22317.857142857145,15542.857142857143
3226,6420.496732026144,6642.40522875817,6872.0522875817,7109.64705882353,7355.398692810458,13982.954248366013,10975.372549019608
3227,3611.529411764706,3736.3529411764707,3865.529411764706,3999.176470588235,4137.411764705882,7865.411764705882,6173.64705882353
3228,5420.256880733945,5664.0,5918.752293577982,6184.954128440368,6463.045871559633,15746.422018348625,12100.183486238533
3230,1547.25,1568.0,1589.0,1610.25,1631.75,14666.5,10357.25
3231,0.0,0.0,0.0,0.0,0.0,0.0,0.0
3232,0.0,0.0,0.0,0.0,0.0,0.0,0.0
3233,2841.4285714285716,2861.4285714285716,2881.4285714285716,2901.4285714285716,2922.1428571428573,33177.142857142855,25870.714285714286
3234,0.0,0.0,0.0,0.0,0.0,0.0,0.0
3235,0.0,0.0,0.0,0.0,0.0,0.0,0.0
3236,284.1428571428571,286.1428571428571,288.1428571428571,290.1428571428571,292.2142857142857,3317.7142857142853,2587.0714285714284
3237,0.0,0.0,0.0,0.0,0.0,0.0,0.0
3238,0.0,0.0,0.0,0.0,0.0,0.0,0.0
3239,1078.3650793650793,1076.2539682539682,1074.142857142857,1072.142857142857,1070.2142857142858,8659.15873015873,7060.515873015873
3240,0.0,0.0,0.0,0.0,0.0,0.0,0.0
3241,7494.156593406593,7556.7692307692305,7620.197802197803,7684.442307692307,7749.436813186813,68405.35714285714,52264.21153846154
3242,403.07142857142856,402.4285714285714,401.7857142857143,401.1428571428571,400.5,3378.642857142857,2990.0
3243,0.0,0.0,0.0,0.0,0.0,0.0,0.0
3249,5078.873015873016,5084.3650793650795,5090.023809523809,5095.9047619047615,5101.928571428572,32818.76984126984,28039.031746031746
3250,10580.0,10635.0,10690.833333333334,10746.666666666668,10802.5,43715.833333333336,39690.0
3251,403.07142857142856,402.4285714285714,401.7857142857143,401.1428571428571,400.5,3378.642857142857,2990.0
3254,0.0,0.0,0.0,0.0,0.0,0.0,0.0
3260,10276.680952380952,10241.019047619047,10205.357142857143,10170.028571428571,10134.7,110186.8619047619,94489.13333333333
3264,0.0,0.0,0.0,0.0,0.0,0.0,0.0
3265,0.0,0.0,0.0,0.0,0.0,0.0,0.0
3266,0.0,0.0,0.0,0.0,0.0,0.0,0.0
3267,0.0,0.0,0.0,0.0,0.0,0.0,0.0
3268,0.0,0.0,0.0,0.0,0.0,0.0,0.0
3269,794.2222222222222,790.1111111111111,786.0,782.0,778.0,5341.444444444444,4473.444444444444
3270,1588.4444444444443,1580.2222222222222,1572.0,1564.0,1556.0,10682.888888888889,8946.888888888889
3271,0.0,0.0,0.0,0.0,0.0,0.0,0.0
3272,325.06976744186045,325.6744186046512,326.27906976744185,326.93023255813955,327.5813953488372,2584.7906976744184,2142.8372093023254
3273,162.53488372093022,162.8372093023256,163.13953488372093,163.46511627906978,163.7906976744186,1292.3953488372092,1071.4186046511627
3274,0.0,0.0,0.0,0.0,0.0,0.0,0.0
3275,0.0,0.0,0.0,0.0,0.0,0.0,0.0
3276,0.0,0.0,0.0,0.0,0.0,0.0,0.0
3277,13454.53488372093,13494.837209302326,13535.139534883721,13575.46511627907,13615.790697674418,59539.395348837206,48313.41860465116
3278,0.0,0.0,0.0,0.0,0.0,0.0,0.0
3279,0.0,0.0,0.0,0.0,0.0,0.0,0.0
3280,28638.32558139535,28960.813953488374,29288.302325581397,29620.674418604653,29957.04651162791,105210.02325581395,89568.90697674418
3281,0.0,0.0,0.0,0.0,0.0,0.0,0.0
3282,0.0,0.0,0.0,0.0,0.0,0.0,0.0
3283,0.0,0.0,0.0,0.0,0.0,0.0,0.0
3284,2490.75,2513.25,2536.0,2559.0,2582.0,13886.75,11314.0
3285,2845.59,2867.25,2889.16,2911.32,2933.48,16016.83,13123.36
3286,0.0,0.0,0.0,0.0,0.0,0.0,0.0
3287,2490.75,2513.25,2536.0,2559.0,2582.0,13886.75,11314.0
3289,3001.2848837209303,3022.8094315245476,3044.5839793281652,3066.631782945736,3088.7351421188628,18267.700904392765,14913.140826873385
3292,0.0,0.0,0.0,0.0,0.0,0.0,0.0
3293,0.0,0.0,0.0,0.0,0.0,0.0,0.0
3294,0.0,0.0,0.0,0.0,0.0,0.0,0.0
3300,14808.0,14792.388888888889,14776.777777777777,14761.166666666668,14746.277777777777,92954.22222222222,78352.38888888889
3301,0.0,0.0,0.0,0.0,0.0,0.0,0.0
3302,702.84,700.7222222222222,698.6044444444444,696.4866666666667,694.4244444444444,5218.635555555555,4337.082222222222
3303,0.0,0.0,0.0,0.0,0.0,0.0,0.0
3304,0.0,0.0,0.0,0.0,0.0,0.0,0.0
3305,18278.8,18284.0,18289.2,18294.4,18299.6,99720.6,83990.20000000001
3309,0.0,0.0,0.0,0.0,0.0,0.0,0.0
3310,0.0,0.0,0.0,0.0,0.0,0.0,0.0
3311,0.0,0.0,0.0,0.0,0.0,0.0,0.0
3312,0.0,0.0,0.0,0.0,0.0,0.0,0.0
3314,0.0,0.0,0.0,0.0,0.0,0.0,0.0
3315,2108.52,2102.1666666666665,2095.8133333333335,2089.46,2083.2733333333335,15655.906666666666,13011.246666666666
3317,0.0,0.0,0.0,0.0,0.0,0.0,0.0
3318,1374.0,1360.0,1346.5,1333.0,1319.5,32887.5,24456.0
3319,0.0,0.0,0.0,0.0,0.0,0.0,0.0
3321,0.0,0.0,0.0,0.0,0.0,0.0,0.0
3322,0.0,0.0,0.0,0.0,0.0,0.0,0.0
3323,0.0,0.0,0.0,0.0,0.0,0.0,0.0
3324,1071.6000000000001,1067.8,1064.0,1060.2,1056.4,11040.2,9133.6
3325,0.0,0.0,0.0,0.0,0.0,0.0,0.0
3328,0.0,0.0,0.0,0.0,0.0,0.0,0.0
3329,725.6714285714286,732.4685714285714,739.4257142857143,746.5828571428572,753.9000000000001,5733.202857142856,4981.4
3330,0.0,0.0,0.0,0.0,0.0,0.0,0.0
3331,894.6516129032259,923.6929032258065,953.8606451612902,985.2670967741935,1017.8967741935485,6791.958709677419,5753.154838709677
3332,0.0,0.0,0.0,0.0,0.0,0.0,0.0
3333,0.0,0.0,0.0,0.0,0.0,0.0,0.0
3334,0.0,0.0,0.0,0.0,0.0,0.0,0.0
3335,19733.38888888889,21173.23214285714,22734.57738095238,24428.92658730159,26269.767857142855,49333.77777777778,44066.10912698413
3336,3185.0,3613.3928571428573,4099.464285714286,4650.892857142857,5276.607142857143,10180.0,9262.32142857143
3337,41215.0,42616.0,44076.0,45598.0,47183.0,109052.0,100319.0
3338,37577.0,39794.0,42141.0,44627.0,47260.0,56150.0,51631.0
3340,40077.26837606837,41070.10769230769,42088.507692307685,43133.08547008547,44203.84102564103,144727.22222222222,124443.9264957265
3341,787.357264957265,807.1641025641026,827.5025641025641,848.3760683760684,869.7846153846153,2990.880341880342,2567.8017094017096
3342,3362.169934640523,3412.9913725490196,3464.630588235294,3517.1586928104575,3570.650980392157,29108.096209150328,24464.16732026144
3345,0.0,0.0,0.0,0.0,0.0,0.0,0.0
3350,77683.30262497815,79134.0454857558,80640.04487081009,82203.18121492359,83825.35003658038,284818.5917449024,231846.52465924976
3351,6125.68205128205,6242.262564102564,6362.580512820514,6486.631794871795,6614.492307692308,65129.901538461534,55844.69401709402
3352,34050.37078418671,34542.603125930866,35048.45932432137,35568.37119193609,36103.31502984393,262526.9453485814,226490.72943343208
3353,0.0,0.0,0.0,0.0,0.0,0.0,0.0
3354,0.0,0.0,0.0,0.0,0.0,0.0,0.0
3355,11701.248366013073,11776.287581699347,11851.32679738562,11927.04248366013,12003.434640522877,42749.71241830066,37277.12745098039
3356,9626.149160484187,9976.087465833658,10341.77586880125,10723.829754002343,11122.864506052323,39936.921515033195,36296.33736821554
3357,1083.8213903743315,1107.9381818181819,1132.5670588235294,1157.8280213903743,1183.585026737968,8078.51422459893,6814.472727272727
3358,3094.8571428571427,3153.7142857142853,3213.7142857142853,3274.8571428571427,3337.142857142857,18871.142857142855,15138.285714285714
3360,0.0,0.0,0.0,0.0,0.0,0.0,0.0
3361,1225.5333333333335,1223.2333333333333,1220.9333333333334,1218.6333333333334,1216.3666666666668,12701.366666666667,10505.933333333334
3363,4485.25,4512.7125,4540.375,4568.2375,4596.1,26731.612500000003,21832.5
3364,0.0,0.0,0.0,0.0,0.0,0.0,0.0
3370,0.0,0.0,0.0,0.0,0.0,0.0,0.0
3371,0.0,0.0,0.0,0.0,0.0,0.0,0.0
3373,0.0,0.0,0.0,0.0,0.0,0.0,0.0
3374,352.7083333333333,352.04166666666663,351.375,350.7083333333333,350.04166666666663,2179.0,1928.2083333333333
3375,0.0,0.0,0.0,0.0,0.0,0.0,0.0
3377,19357.884234234232,19392.36171171171,19426.839189189188,19461.316666666666,19496.26081081081,170595.82882882882,143997.00975975976
3378,0.0,0.0,0.0,0.0,0.0,0.0,0.0
3379,0.0,0.0,0.0,0.0,0.0,0.0,0.0
3380,4173.65,4151.65,4129.65,4108.25,4086.85,42600.6,36046.85
3381,0.0,0.0,0.0,0.0,0.0,0.0,0.0
3384,0.0,0.0,0.0,0.0,0.0,0.0,0.0
3385,0.0,0.0,0.0,0.0,0.0,0.0,0.0
3387,0.0,0.0,0.0,0.0,0.0,0.0,0.0
3388,0.0,0.0,0.0,0.0,0.0,0.0,0.0
3390,1290.8000000000002,1276.0,1261.4,1247.0,1232.8000000000002,10494.400000000001,8847.6
3391,0.0,0.0,0.0,0.0,0.0,0.0,0.0
3392,0.0,0.0,0.0,0.0,0.0,0.0,0.0
3393,2581.6000000000004,2552.0,2522.8,2494.0,2465.6000000000004,20988.800000000003,17695.2
3395,0.0,0.0,0.0,0.0,0.0,0.0,0.0
3396,1290.8000000000002,1276.0,1261.4,1247.0,1232.8000000000002,10494.400000000001,8847.6
3399,0.0,0.0,0.0,0.0,0.0,0.0,0.0
3400,20314.74418604651,20425.883720930233,20537.023255813954,20649.162790697676,20762.302325581397,112209.60465116278,95716.3953488372
3401,0.0,0.0,0.0,0.0,0.0,0.0,0.0
3402,0.0,0.0,0.0,0.0,0.0,0.0,0.0
3407,0.0,0.0,0.0,0.0,0.0,0.0,0.0
3409,1454.2558139534883,1440.1162790697674,1426.4767441860465,1412.8372093023256,1399.1976744186047,34253.895348837206,25577.60465116279
3412,0.0,0.0,0.0,0.0,0.0,0.0,0.0
3413,0.0,0.0,0.0,0.0,0.0,0.0,0.0
3414,3453.5,3428.0,3402.5,3377.5,3352.5,32052.5,23942.0
3415,0.0,0.0,0.0,0.0,0.0,0.0,0.0
3418,3453.5,3428.0,3402.5,3377.5,3352.5,32052.5,23942.0
3419,0.0,0.0,0.0,0.0,0.0,0.0,0.0
3420,0.0,0.0,0.0,0.0,0.0,0.0,0.0
3423,0.0,0.0,0.0,0.0,0.0,0.0,0.0
3424,0.0,0.0,0.0,0.0,0.0,0.0,0.0
3427,5935.875,6070.3125,6207.9375,6348.5625,6492.375,11691.5625,10388.625
3428,0.0,0.0,0.0,0.0,0.0,0.0,0.0
3429,39508.125,40295.6875,41100.0625,41920.4375,42757.625,116769.4375,101195.375
3430,0.0,0.0,0.0,0.0,0.0,0.0,0.0
3431,2247.0,2276.0,2305.5,2335.5,2365.5,33323.5,27358.5
3432,0.0,0.0,0.0,0.0,0.0,0.0,0.0
3433,119.03296703296704,121.2967032967033,123.60439560439562,125.95604395604397,128.35164835164835,725.8131868131869,582.2417582417582
3434,2485.065934065934,2518.5934065934066,2552.7087912087914,2587.412087912088,2622.2032967032965,34775.12637362637,28522.983516483517
3435,427.12715855573,432.552590266876,438.0659340659341,443.66718995290427,449.35635792778646,3819.6263736263736,3295.9937205651486
3437,12377.636363636364,12665.227272727272,12959.727272727272,13261.136363636364,13569.454545454546,63277.77272727273,50618.59090909091
3438,1954.3636363636363,1999.772727272727,2046.272727272727,2093.863636363636,2142.5454545454545,9991.227272727272,7992.40909090909
3440,1770.0,1770.5,1771.0,1771.5,1772.0,43002.5,30345.0
3441,1770.0,1770.5,1771.0,1771.5,1772.0,43002.5,30345.0
3442,11476.263736263736,11645.173626373627,11816.835164835165,11991.248351648352,12168.413186813188,89393.7054945055,68527.93406593407
3444,16830.41538496698,17015.453381173298,17203.022556390977,17392.59659483054,17584.016097995747,108335.91602943528,87909.49526932833
3446,0.0,0.0,0.0,0.0,0.0,0.0,0.0
3447,0.0,0.0,0.0,0.0,0.0,0.0,0.0
3448,0.0,0.0,0.0,0.0,0.0,0.0,0.0
3450,7899.499999999999,7973.7,8048.599999999999,8124.2,8200.5,36485.399999999994,30065.699999999997
3451,4829.4473684210525,4873.405263157894,4917.821052631579,4962.536842105263,5007.710526315789,23743.073684210525,19467.457894736843
3453,0.0,0.0,0.0,0.0,0.0,0.0,0.0
3458,3710.9555555555557,3760.1933333333336,3810.2,3860.931111111112,3912.306666666667,27796.542222222222,21546.07777777778
3460,2368.7999999999997,2390.88,2413.2,2435.7599999999998,2458.3199999999997,12490.56,9798.0
3461,2497.760990712074,2519.57919504644,2541.5826625386994,2563.6661300309597,2585.972507739938,16676.541671826624,13590.811145510834
3462,0.0,0.0,0.0,0.0,0.0,0.0,0.0
3463,2905.319895483389,2921.882667662063,2938.7836257309937,2955.8122433743933,2973.17904690805,17602.910538758242,14439.584048774417
3464,0.0,0.0,0.0,0.0,0.0,0.0,0.0
3465,10556.380993897123,10581.210985178728,10606.040976460332,10630.870967741936,10655.70095902354,69875.03051438535,61607.73496076722
3467,0.0,0.0,0.0,0.0,0.0,0.0,0.0
3468,0.0,0.0,0.0,0.0,0.0,0.0,0.0
3469,0.0,0.0,0.0,0.0,0.0,0.0,0.0
3472,0.0,0.0,0.0,0.0,0.0,0.0,0.0
3475,0.0,0.0,0.0,0.0,0.0,0.0,0.0
3477,0.0,0.0,0.0,0.0,0.0,0.0,0.0
3478,5601.803764478764,5567.667985842985,5533.532207207208,5499.696428571428,5466.289221364221,49499.037129987126,41910.575900900905
3480,2509.9857142857145,2485.0428571428574,2460.3,2435.8571428571427,2411.7571428571428,22186.64285714286,18669.2
3482,0.0,0.0,0.0,0.0,0.0,0.0,0.0
3483,0.0,0.0,0.0,0.0,0.0,0.0,0.0
3485,0.0,0.0,0.0,0.0,0.0,0.0,0.0
3487,0.0,0.0,0.0,0.0,0.0,0.0,0.0
3488,0.0,0.0,0.0,0.0,0.0,0.0,0.0
3489,0.0,0.0,0.0,0.0,0.0,0.0,0.0
3490,412.1111111111111,407.77777777777777,403.55555555555554,399.3333333333333,395.22222222222223,5406.11111111111,4691.555555555556
3491,0.0,0.0,0.0,0.0,0.0,0.0,0.0
3494,0.0,0.0,0.0,0.0,0.0,0.0,0.0
3496,9007.777777777777,8989.444444444445,8971.888888888889,8954.333333333334,8937.555555555555,84639.77777777778,74864.88888888889
3498,6582.0,6648.857142857142,6716.571428571428,6785.142857142857,6854.571428571428,49614.0,41595.42857142857
3500,34311.858823529416,34755.117647058825,35208.25882352941,35672.282352941176,36147.17647058824,105897.6,91438.01176470588
3501,1702.2522875816994,1713.8029878618113,1725.725303454715,1737.9081232492997,1750.4743230625581,14301.51111111111,12180.115219421103
3502,0.0,0.0,0.0,0.0,0.0,0.0,0.0
3505,0.0,0.0,0.0,0.0,0.0,0.0,0.0
3506,0.0,0.0,0.0,0.0,0.0,0.0,0.0
3507,0.0,0.0,0.0,0.0,0.0,0.0,0.0
3509,0.0,0.0,0.0,0.0,0.0,0.0,0.0
3512,0.0,0.0,0.0,0.0,0.0,0.0,0.0
3515,0.0,0.0,0.0,0.0,0.0,0.0,0.0
3516,0.0,0.0,0.0,0.0,0.0,0.0,0.0
3517,200.83333333333331,199.77777777777777,198.7222222222222,197.66666666666666,196.61111111111111,1376.138888888889,1142.1944444444443
3518,0.0,0.0,0.0,0.0,0.0,0.0,0.0
3520,0.0,0.0,0.0,0.0,0.0,0.0,0.0
3521,0.0,0.0,0.0,0.0,0.0,0.0,0.0
3522,0.0,0.0,0.0,0.0,0.0,0.0,0.0
3523,5221.134693877551,5297.967346938775,5375.885714285714,5454.889795918367,5534.8938775510205,64240.42857142857,54681.29387755102
3525,3231.3571428571427,3206.7619047619046,3182.1666666666665,3157.5714285714284,3133.4047619047615,24441.845238095237,20652.583333333332
3527,0.0,0.0,0.0,0.0,0.0,0.0,0.0
3529,0.0,0.0,0.0,0.0,0.0,0.0,0.0
3530,0.0,0.0,0.0,0.0,0.0,0.0,0.0
3531,0.0,0.0,0.0,0.0,0.0,0.0,0.0
3533,0.0,0.0,0.0,0.0,0.0,0.0,0.0
3537,602.5,599.3333333333333,596.1666666666666,593.0,589.8333333333333,4128.416666666666,3426.583333333333
3540,1110.6666666666665,1103.1666666666665,1095.6666666666665,1088.3333333333333,1081.0,7682.166666666666,6684.166666666666
3542,0.0,0.0,0.0,0.0,0.0,0.0,0.0
3544,0.0,0.0,0.0,0.0,0.0,0.0,0.0
3546,0.0,0.0,0.0,0.0,0.0,0.0,0.0
3549,0.0,0.0,0.0,0.0,0.0,0.0,0.0
3550,66238.88786498155,67166.55549063087,68124.13287917522,69113.33809043282,70134.86634420605,309033.87899084436,264554.32332920656
3551,39096.6605210286,39947.621733721375,40835.714132491994,41763.041647050995,42729.52678665175,318408.92698860355,272699.6706359391
3552,0.0,0.0,0.0,0.0,0.0,0.0,0.0
3554,0.0,0.0,0.0,0.0,0.0,0.0,0.0
3555,21060.0,21300.0,21542.0,21787.0,22035.0,51787.0,47362.0
3556,4724.0511891116,4824.966448774745,4929.022522382973,5036.397420407489,5146.844842363973,33533.00567964724,29769.70930532751
3557,0.0,0.0,0.0,0.0,0.0,0.0,0.0
3558,0.0,0.0,0.0,0.0,0.0,0.0,0.0
3559,0.0,0.0,0.0,0.0,0.0,0.0,0.0
3561,0.0,0.0,0.0,0.0,0.0,0.0,0.0
3562,177.63636363636365,176.63636363636365,175.63636363636365,174.63636363636365,173.63636363636365,2145.409090909091,1954.318181818182
3563,0.0,0.0,0.0,0.0,0.0,0.0,0.0
3564,28603.563636363637,28754.243636363637,28906.923636363637,29061.603636363638,29218.283636363638,139503.1509090909,124204.92181818181
3565,0.0,0.0,0.0,0.0,0.0,0.0,0.0
3566,0.0,0.0,0.0,0.0,0.0,0.0,0.0
3567,0.0,0.0,0.0,0.0,0.0,0.0,0.0
3568,2221.333333333333,2206.333333333333,2191.333333333333,2176.6666666666665,2162.0,15364.333333333332,13368.333333333332
3570,0.0,0.0,0.0,0.0,0.0,0.0,0.0
3571,0.0,0.0,0.0,0.0,0.0,0.0,0.0
3572,0.0,0.0,0.0,0.0,0.0,0.0,0.0
3573,0.0,0.0,0.0,0.0,0.0,0.0,0.0
3575,0.0,0.0,0.0,0.0,0.0,0.0,0.0
3576,0.0,0.0,0.0,0.0,0.0,0.0,0.0
3579,7275.0,7238.5,7202.0,7166.0,7130.0,70576.5,61630.5
3580,0.0,0.0,0.0,0.0,0.0,0.0,0.0
3581,0.0,0.0,0.0,0.0,0.0,0.0,0.0
3583,0.0,0.0,0.0,0.0,0.0,0.0,0.0
3584,0.0,0.0,0.0,0.0,0.0,0.0,0.0
3585,17133.923076923078,17155.846153846156,17179.69230769231,17203.53846153846,17227.384615384617,103106.84615384616,88679.38461538462
3586,497.0769230769231,494.1538461538462,491.3076923076923,488.4615384615385,485.61538461538464,4070.153846153846,3470.6153846153848
3588,0.0,0.0,0.0,0.0,0.0,0.0,0.0
3589,0.0,0.0,0.0,0.0,0.0,0.0,0.0
3590,0.0,0.0,0.0,0.0,0.0,0.0,0.0
3591,0.0,0.0,0.0,0.0,0.0,0.0,0.0
3594,0.0,0.0,0.0,0.0,0.0,0.0,0.0
3595,0.0,0.0,0.0,0.0,0.0,0.0,0.0
3596,0.0,0.0,0.0,0.0,0.0,0.0,0.0
3597,0.0,0.0,0.0,0.0,0.0,0.0,0.0
3599,0.0,0.0,0.0,0.0,0.0,0.0,0.0
3607,0.0,0.0,0.0,0.0,0.0,0.0,0.0
3608,0.0,0.0,0.0,0.0,0.0,0.0,0.0
3610,0.0,0.0,0.0,0.0,0.0,0.0,0.0
3612,0.0,0.0,0.0,0.0,0.0,0.0,0.0
3614,0.0,0.0,0.0,0.0,0.0,0.0,0.0
3616,1376.8,1379.2,1381.6,1384.0,1386.4,6776.266666666666,5992.0
3617,0.0,0.0,0.0,0.0,0.0,0.0,0.0
3618,688.4,689.6,690.8,692.0,693.2,3388.133333333333,2996.0
3619,0.0,0.0,0.0,0.0,0.0,0.0,0.0
3620,2261.2,2263.76,2266.3199999999997,2268.88,2271.44,10580.986666666668,9476.880000000001
3621,884.4,884.5600000000001,884.72,884.88,885.04,3804.7200000000003,3484.88
3622,0.0,0.0,0.0,0.0,0.0,0.0,0.0
3623,0.0,0.0,0.0,0.0,0.0,0.0,0.0
3624,0.0,0.0,0.0,0.0,0.0,0.0,0.0
3629,15195.0,15237.0,15279.0,15321.0,15363.0,81855.33333333333,74991.0
3630,45060.53725222146,45602.66831852358,46151.154647983596,46707.81203007519,47271.73257006152,143742.54032809296,124593.21274777854
3631,11435.35885167464,11525.357655502392,11617.001196172248,11709.473684210527,11802.683014354066,60987.57655502392,52139.89114832536
3632,0.0,0.0,0.0,0.0,0.0,0.0,0.0
3633,0.0,0.0,0.0,0.0,0.0,0.0,0.0
3634,944.8896103896103,945.1168831168831,945.3441558441558,945.5714285714284,945.7987012987013,3903.0974025974024,3585.9675324675322
3635,0.0,0.0,0.0,0.0,0.0,0.0,0.0
3636,0.0,0.0,0.0,0.0,0.0,0.0,0.0
3637,0.0,0.0,0.0,0.0,0.0,0.0,0.0
3638,0.0,0.0,0.0,0.0,0.0,0.0,0.0
3639,0.0,0.0,0.0,0.0,0.0,0.0,0.0
3640,0.0,0.0,0.0,0.0,0.0,0.0,0.0
3641,1785.5714285714284,1786.2857142857142,1787.0,1787.7142857142856,1788.4285714285713,6550.428571428571,6032.142857142857
3643,0.0,0.0,0.0,0.0,0.0,0.0,0.0
3644,16258.642857142857,16298.571428571428,16338.5,16379.42857142857,16420.357142857145,85922.35714285714,76514.78571428571
3646,0.0,0.0,0.0,0.0,0.0,0.0,0.0
3647,0.0,0.0,0.0,0.0,0.0,0.0,0.0
3649,0.0,0.0,0.0,0.0,0.0,0.0,0.0
3658,8608.874582560296,8878.9847280539,9160.167600820232,9453.06626306025,9757.910379845718,45543.674641148325,38519.82247827361
3659,94.53061224489795,94.97959183673468,95.42857142857142,95.87755102040816,96.3265306122449,1184.0,1065.7551020408162
3660,9982.836734693878,9986.03866809882,9989.24060150376,9993.021482277121,9997.802363050483,93671.73684210527,79485.6745435016
3661,0.0,0.0,0.0,0.0,0.0,0.0,0.0
3662,0.0,0.0,0.0,0.0,0.0,0.0,0.0
3663,0.0,0.0,0.0,0.0,0.0,0.0,0.0
3664,0.0,0.0,0.0,0.0,0.0,0.0,0.0
3665,0.0,0.0,0.0,0.0,0.0,0.0,0.0
3666,0.0,0.0,0.0,0.0,0.0,0.0,0.0
3669,0.0,0.0,0.0,0.0,0.0,0.0,0.0
3670,938.0,939.5,941.0,942.5,944.0,11530.25,9660.0
3671,0.0,0.0,0.0,0.0,0.0,0.0,0.0
3672,10750.0,10775.0,10800.0,10825.0,10851.0,50343.0,44066.0
3673,0.0,0.0,0.0,0.0,0.0,0.0,0.0
3675,0.0,0.0,0.0,0.0,0.0,0.0,0.0
3676,0.0,0.0,0.0,0.0,0.0,0.0,0.0
3677,19877.0,20026.0,20176.0,20328.0,20481.0,54321.0,47525.0
3678,0.0,0.0,0.0,0.0,0.0,0.0,0.0
3682,0.0,0.0,0.0,0.0,0.0,0.0,0.0
3683,0.0,0.0,0.0,0.0,0.0,0.0,0.0
3685,9732.854166666668,9786.25,9840.645833333334,9895.041666666668,9949.4375,113396.41666666667,101552.9375
3687,0.0,0.0,0.0,0.0,0.0,0.0,0.0
3688,853.078014184397,858.0744680851064,863.0921985815603,868.1312056737588,873.1914893617021,10122.397163120566,9225.904255319148
3689,0.0,0.0,0.0,0.0,0.0,0.0,0.0
3690,37266.308973172985,37844.717853839036,38432.67345050879,39030.17576318224,39638.094357076785,98624.29232192415,88231.822386679
3691,16537.94634597595,16697.832678075858,16860.338517576318,17025.276364477337,17191.776653561516,114391.89384828862,97004.79419133518
3694,0.0,0.0,0.0,0.0,0.0,0.0,0.0
3695,0.0,0.0,0.0,0.0,0.0,0.0,0.0
3697,0.0,0.0,0.0,0.0,0.0,0.0,0.0
3698,829.5,833.0625,836.71875,840.375,844.03125,4529.625,3714.84375
3699,634.6739130434783,638.991847826087,643.3845108695652,647.820652173913,652.2567934782609,3446.483695652174,2980.802989130435
3700,683.6666666666666,683.3333333333333,683.0,682.6666666666666,682.3333333333333,5559.333333333333,4481.222222222222
3701,683.6666666666666,683.3333333333333,683.0,682.6666666666666,682.3333333333333,5559.333333333333,4481.222222222222
3704,0.0,0.0,0.0,0.0,0.0,0.0,0.0
3705,0.0,0.0,0.0,0.0,0.0,0.0,0.0
3707,683.6666666666666,683.3333333333333,683.0,682.6666666666666,682.3333333333333,5559.333333333333,4481.222222222222
3708,0.0,0.0,0.0,0.0,0.0,0.0,0.0
3709,0.0,0.0,0.0,0.0,0.0,0.0,0.0
3711,1128.0,1132.3333333333333,1136.6666666666665,1141.0,1145.3333333333333,8069.0,6575.333333333333
3712,0.0,0.0,0.0,0.0,0.0,0.0,0.0
3713,3998.333333333333,4043.5,4089.333333333333,4136.0,4183.5,24338.5,19763.166666666664
3714,2256.0,2264.6666666666665,2273.333333333333,2282.0,2290.6666666666665,16138.0,13150.666666666666
3715,0.0,0.0,0.0,0.0,0.0,0.0,0.0
3717,436.0,439.6842105263158,443.36842105263156,447.1578947368421,450.9473684210526,5220.315789473684,4067.157894736842
3718,0.0,0.0,0.0,0.0,0.0,0.0,0.0
3719,0.0,0.0,0.0,0.0,0.0,0.0,0.0
3720,0.0,0.0,0.0,0.0,0.0,0.0,0.0
3722,5227.0,5336.5,5448.0,5562.0,5678.5,24601.5,19837.5
3723,6110.416666666666,6195.333333333333,6281.583333333333,6369.5,6459.083333333333,59189.33333333333,51463.08333333333
3724,0.0,0.0,0.0,0.0,0.0,0.0,0.0
3725,0.0,0.0,0.0,0.0,0.0,0.0,0.0
3726,2814.0,2818.5,2823.0,2827.5,2832.0,34590.75,28980.0
3727,0.0,0.0,0.0,0.0,0.0,0.0,0.0
3728,0.0,0.0,0.0,0.0,0.0,0.0,0.0
3730,11414.0,11611.0,11812.0,12018.0,12228.0,98910.0,83028.0
3732,0.0,0.0,0.0,0.0,0.0,0.0,0.0
3733,0.0,0.0,0.0,0.0,0.0,0.0,0.0
3735,616.4375,618.75,621.0625,623.375,625.6875,3147.75,2663.6875
3736,0.0,0.0,0.0,0.0,0.0,0.0,0.0
3737,9969.5,9992.0625,10015.21875,10038.375,10061.53125,78202.625,65844.34375
3738,0.0,0.0,0.0,0.0,0.0,0.0,0.0
3739,0.0,0.0,0.0,0.0,0.0,0.0,0.0
3740,0.0,0.0,0.0,0.0,0.0,0.0,0.0
3741,553.0,555.375,557.8125,560.25,562.6875,3019.75,2476.5625
3744,0.0,0.0,0.0,0.0,0.0,0.0,0.0
3746,0.0,0.0,0.0,0.0,0.0,0.0,0.0
3747,8652.625,8706.5,8760.375,8814.25,8869.125,70747.5,60261.125
3749,0.0,0.0,0.0,0.0,0.0,0.0,0.0
3750,24762.0,32140.0,41716.0,54145.0,70278.0,57059.0,51903.0
3751,0.0,0.0,0.0,0.0,0.0,0.0,0.0
3752,12514.0,13144.0,13806.0,14501.0,15231.0,58517.0,52760.0
3753,5003.563636363636,5277.381818181818,5566.254545454545,5870.836363636364,6192.218181818182,13170.545454545454,11811.272727272726
3754,28324.985915492958,33121.90140845071,38891.81690140845,45832.7323943662,54181.64788732395,122928.4647887324,101162.07042253521
3755,54.277777777777786,55.9949494949495,57.76262626262627,59.58585858585859,61.469696969696976,316.11111111111114,259.1818181818182
3756,19295.87772227772,20198.826773226774,21148.52187812188,22146.92667332667,23197.313886113887,65640.91108891109,56394.52147852148
3757,901.2777777777778,909.3949494949496,917.5626262626263,925.7858585858586,934.069696969697,11828.711111111112,9993.98181818182
3758,0.0,0.0,0.0,0.0,0.0,0.0,0.0
3759,72.16901408450704,72.1830985915493,72.19718309859155,72.21126760563381,72.22535211267606,955.4225352112676,711.1549295774648
3760,0.0,0.0,0.0,0.0,0.0,0.0,0.0
3761,0.0,0.0,0.0,0.0,0.0,0.0,0.0
3762,416.96363636363634,439.78181818181815,463.8545454545454,489.2363636363636,516.0181818181818,1097.5454545454545,984.2727272727273
3763,3210.5,3238.233333333333,3266.3,3294.533333333333,3322.933333333333,21154.766666666666,17585.466666666667
3764,14702.10817753675,15064.057085771372,15436.163836163836,15818.428428714144,16210.850863422293,73739.55644355644,63749.76794633937
3765,6995.0,7002.0,7009.0,7016.0,7023.0,63960.0,53267.0
3766,3908.4,3908.0,3907.6000000000004,3907.2000000000003,3906.8,26733.2,20769.600000000002
3767,1954.2,1954.0,1953.8000000000002,1953.6000000000001,1953.4,13366.6,10384.800000000001
3770,0.0,0.0,0.0,0.0,0.0,0.0,0.0
3775,4871.338028169014,4914.032863849765,4957.394366197183,5001.089201877934,5045.117370892018,21195.17840375587,17123.643192488264
3777,9631.5,9714.7,9798.9,9883.6,9968.8,63464.299999999996,52756.399999999994
3778,0.0,0.0,0.0,0.0,0.0,0.0,0.0
3779,1168.0,1173.0,1177.9999999999998,1183.0,1188.0,15618.333333333332,13471.166666666666
3781,0.0,0.0,0.0,0.0,0.0,0.0,0.0
3782,0.0,0.0,0.0,0.0,0.0,0.0,0.0
3783,240.98717948717947,242.2179487179487,243.46153846153845,244.7051282051282,245.96153846153845,825.025641025641,676.8205128205128
3785,0.0,0.0,0.0,0.0,0.0,0.0,0.0
3786,0.0,0.0,0.0,0.0,0.0,0.0,0.0
3787,0.0,0.0,0.0,0.0,0.0,0.0,0.0
3788,1954.2,1954.0,1953.8000000000002,1953.6000000000001,1953.4,13366.6,10384.800000000001
3789,0.0,0.0,0.0,0.0,0.0,0.0,0.0
3791,1954.2,1954.0,1953.8000000000002,1953.6000000000001,1953.4,13366.6,10384.800000000001
3792,0.0,0.0,0.0,0.0,0.0,0.0,0.0
3793,0.0,0.0,0.0,0.0,0.0,0.0,0.0
3795,5857.0,5862.0,5867.0,5872.0,5877.0,59441.0,48222.0
3796,9863.0,9887.0,9911.0,9935.0,9959.0,59571.0,51498.0
3797,5649.333333333333,5666.666666666666,5684.0,5701.333333333333,5719.0,17680.333333333332,15535.333333333332
3799,5689.333333333333,5707.333333333333,5725.333333333333,5743.333333333333,5761.666666666667,25229.666666666664,22431.166666666664
3800,0.0,0.0,0.0,0.0,0.0,0.0,0.0
3802,13464.0,13394.0,13325.0,13256.0,13187.0,53387.0,47321.0
3803,11603.0,11753.0,11905.0,12059.0,12215.0,49650.0,44234.0
3804,10220.90909090909,10191.636363636364,10162.40909090909,10134.242424242424,10106.151515151516,66900.87878787878,53867.71212121212
3805,28171.0,28895.0,29646.0,30424.0,31230.0,111212.0,98543.0
3806,31371.090909090908,31776.363636363636,32186.59090909091,32602.757575757576,33025.84848484848,141531.12121212122,105828.28787878787
3807,4284.622222222222,4709.333333333334,5176.0,5689.066666666667,6252.977777777778,11478.4,10083.2
3808,240.98717948717947,242.2179487179487,243.46153846153845,244.7051282051282,245.96153846153845,825.025641025641,676.8205128205128
3809,21744.00148911798,23773.326460481097,25998.984536082473,28441.53127147766,31121.522222222222,63654.72371134021,55979.97010309278
3810,55913.46893999471,58870.595030399156,62054.39651070579,65482.89902194026,69176.07692307692,139602.3920169178,120826.84351044145
3812,0.0,0.0,0.0,0.0,0.0,0.0,0.0
3813,0.0,0.0,0.0,0.0,0.0,0.0,0.0
3814,1427.2857142857142,1446.7142857142856,1466.2857142857142,1486.142857142857,1506.2857142857142,8341.42857142857,6991.857142857142
3815,2854.5714285714284,2893.428571428571,2932.5714285714284,2972.285714285714,3012.5714285714284,16682.85714285714,13983.714285714284
3816,1746.1764705882354,1808.029411764706,1872.0882352941178,1938.3529411764707,2007.0000000000002,4694.2941176470595,4150.764705882353
3818,32278.927745175053,33204.26673906011,34158.87746253254,35142.759915592316,36158.20031421838,104375.93997504737,87983.86451642716
3820,12401.194029850747,12706.388059701492,13019.10447761194,13339.34328358209,13667.641791044776,31581.13432835821,25634.68656716418
3821,0.0,0.0,0.0,0.0,0.0,0.0,0.0
3822,0.0,0.0,0.0,0.0,0.0,0.0,0.0
3823,259.78125,263.8125,267.90625,272.0625,276.28125,1785.125,1453.6875
3824,1039.125,1055.25,1071.625,1088.25,1105.125,7140.5,5814.75
3825,39316.72230036298,39519.5002311814,39723.90316199983,39930.67394996111,40139.06973792239,186071.58272837265,152036.8271908219
3831,0.0,0.0,0.0,0.0,0.0,0.0,0.0
3832,0.0,0.0,0.0,0.0,0.0,0.0,0.0
3833,0.0,0.0,0.0,0.0,0.0,0.0,0.0
3835,0.0,0.0,0.0,0.0,0.0,0.0,0.0
3840,19107.012145748988,19118.5991902834,19130.186234817815,19141.773279352226,19153.360323886638,76202.25910931174,63417.085020242914
3841,0.0,0.0,0.0,0.0,0.0,0.0,0.0
3842,101.32478632478633,101.50427350427351,101.6837606837607,101.86324786324788,102.04273504273505,518.5213675213676,419.8290598290599
3844,46528.77240817623,46944.74785566186,47365.72330314748,47792.6078415422,48225.49237993691,222155.0918484645,180019.1477140779
3847,141.31854691493245,141.59784592917123,141.87714494341003,142.17159547280028,142.46604600219058,1335.3083242059147,1084.1389193136183
3850,13278.236144578314,13343.286746987953,13409.137349397592,13474.987951807228,13541.638554216868,59186.82409638555,46385.2530120482
3851,6050.27418765973,6087.661713387015,6125.249239114299,6163.165502770323,6201.4356125801905,32469.74098913135,25816.766666265463
3852,0.0,0.0,0.0,0.0,0.0,0.0,0.0
3853,0.0,0.0,0.0,0.0,0.0,0.0,0.0
3854,0.0,0.0,0.0,0.0,0.0,0.0,0.0
3856,53.91954022988506,53.97701149425287,54.03448275862069,54.0919540229885,54.14942528735632,744.9885057471264,595.0344827586207
3857,0.0,0.0,0.0,0.0,0.0,0.0,0.0
3858,498.7787878787879,501.5138528138528,504.24891774891773,507.02770562770564,509.8064935064935,9013.281818181818,6996.274891774892
3859,0.0,0.0,0.0,0.0,0.0,0.0,0.0
3860,2030.7263157894738,2037.945864661654,2045.1654135338345,2052.4706766917293,2059.775939849624,27465.694736842102,21345.82706766917
3862,971.0739130434782,978.9219302436694,986.8134257047301,994.8154323936933,1002.8559006211179,12324.785618729098,9737.274486383183
3864,0.0,0.0,0.0,0.0,0.0,0.0,0.0
3865,358.17391304347825,361.30434782608694,364.4782608695652,367.69565217391306,370.9130434782609,1936.6086956521738,1742.5217391304348
3869,101.32478632478633,101.50427350427351,101.6837606837607,101.86324786324788,102.04273504273505,518.5213675213676,419.8290598290599
3870,0.0,0.0,0.0,0.0,0.0,0.0,0.0
3871,1721.6350218320326,1735.827643069491,1750.082764306949,1764.4837188777406,1779.073985042735,8795.871005202527,7060.603516350799
3873,0.0,0.0,0.0,0.0,0.0,0.0,0.0
3874,0.0,0.0,0.0,0.0,0.0,0.0,0.0
3875,28550.608695652176,28930.84843417452,29315.785801155365,29706.315901489812,30102.46837944664,144235.01155366373,119714.99391912436
3878,313.5,319.7727272727273,326.1818181818182,332.6818181818182,339.3181818181818,2178.681818181818,1701.7727272727273
3880,3012.0,3063.713286713287,3116.244755244755,3169.5524475524476,3223.909090909091,25825.552447552447,20014.867132867133
3882,0.0,0.0,0.0,0.0,0.0,0.0,0.0
3885,0.0,0.0,0.0,0.0,0.0,0.0,0.0
3886,202.72727272727272,202.1818181818182,201.63636363636365,201.0909090909091,200.54545454545456,1325.4242424242425,1073.848484848485
3887,0.0,0.0,0.0,0.0,0.0,0.0,0.0
3888,2243.604743083004,2253.9446640316205,2264.4584980237155,2275.1462450592885,2285.833992094862,13048.131752305664,11265.48089591568
3889,0.0,0.0,0.0,0.0,0.0,0.0,0.0
3890,0.0,0.0,0.0,0.0,0.0,0.0,0.0
3891,0.0,0.0,0.0,0.0,0.0,0.0,0.0
3892,3243.6363636363635,3234.909090909091,3226.1818181818185,3217.4545454545455,3208.727272727273,21206.78787878788,17181.57575757576
3893,0.0,0.0,0.0,0.0,0.0,0.0,0.0
3895,0.0,0.0,0.0,0.0,0.0,0.0,0.0
3896,0.0,0.0,0.0,0.0,0.0,0.0,0.0
3898,634.6739130434783,638.991847826087,643.3845108695652,647.820652173913,652.2567934782609,3446.483695652174,2980.802989130435
3900,0.0,0.0,0.0,0.0,0.0,0.0,0.0
3902,0.0,0.0,0.0,0.0,0.0,0.0,0.0
3903,1232.3333333333333,1250.0,1267.888888888889,1286.0,1304.4444444444443,5191.666666666666,4110.111111111111
3904,2464.6666666666665,2500.0,2535.777777777778,2572.0,2608.8888888888887,10383.333333333332,8220.222222222223
3909,9826.727272727272,9926.181818181818,10026.969696969696,10129.090909090908,10233.21212121212,47055.09090909091,37546.84848484848
3910,25248.0,25627.0,26012.0,26403.0,26799.0,62128.0,54344.0
3911,0.0,0.0,0.0,0.0,0.0,0.0,0.0
3912,17919.316710875333,18030.60159151194,18142.80954907162,18255.10026525199,18368.314058355438,60945.83554376658,51104.63872679045
3913,1437.5384615384617,1446.3846153846155,1455.3076923076924,1464.2307692307693,1473.2307692307693,4651.923076923077,3893.692307692308
3915,17351.14058956916,17591.068027210884,17834.773242630385,18082.256235827663,18333.517006802722,64318.748299319726,46731.44520030235
3916,0.0,0.0,0.0,0.0,0.0,0.0,0.0
3918,1795.5555555555554,1823.3333333333333,1851.5555555555554,1880.2222222222222,1909.3333333333333,4212.666666666666,3538.5925925925926
3919,0.0,0.0,0.0,0.0,0.0,0.0,0.0
3920,0.0,0.0,0.0,0.0,0.0,0.0,0.0
3921,0.0,0.0,0.0,0.0,0.0,0.0,0.0
3922,11528.16,11893.56,12270.72,12659.64,13061.16,40434.24,31951.92
3923,0.0,0.0,0.0,0.0,0.0,0.0,0.0
3925,4470.137872340425,4587.482553191489,4708.0885106382975,4831.955744680851,4959.244255319149,11900.908936170214,9480.462978723404
3926,7144.587301587301,7243.380952380951,7343.730158730159,7445.6349206349205,7549.095238095238,26484.190476190473,19242.359788359787
3927,897.7777777777777,911.6666666666666,925.7777777777777,940.1111111111111,954.6666666666666,2106.333333333333,1769.2962962962963
3928,0.0,0.0,0.0,0.0,0.0,0.0,0.0
3929,245.7551020408163,246.20408163265304,246.6530612244898,247.1020408163265,247.55102040816325,3354.2448979591836,1959.2244897959183
3930,18923.0,19021.0,19120.0,19219.0,19319.0,86317.0,57054.0
3931,25909.0,26307.0,26711.0,27121.0,27537.0,62275.0,48011.0
3933,0.0,0.0,0.0,0.0,0.0,0.0,0.0
3934,20020.0,20499.0,20990.0,21492.0,22006.0,71478.0,51240.0
3936,13460.0,13778.0,14104.0,14437.0,14778.0,59787.0,45133.0
3937,368.63265306122446,369.3061224489796,369.9795918367347,370.65306122448976,371.3265306122449,5031.367346938775,2938.8367346938776
3938,2629.431818181818,2659.3181818181815,2689.5454545454545,2720.1136363636365,2751.1363636363635,5600.795454545454,4684.659090909091
3939,18235.80460892491,18421.68196465189,18609.712430426716,18799.89600624939,18992.687237574457,72143.26237672102,49397.7233668587
3940,9991.84090909091,10105.409090909092,10220.272727272728,10336.431818181818,10454.318181818182,21283.022727272728,17801.704545454544
3941,9731.973684210527,9846.381578947368,9962.25,10079.578947368422,10198.368421052632,29965.618421052633,20473.657894736843
3942,1841.1842105263156,1862.828947368421,1884.75,1906.9473684210525,1929.4210526315787,5669.171052631578,3873.394736842105
3943,1841.1842105263156,1862.828947368421,1884.75,1906.9473684210525,1929.4210526315787,5669.171052631578,3873.394736842105
3944,1315.1315789473683,1330.592105263158,1346.25,1362.1052631578946,1378.157894736842,4049.407894736842,2766.710526315789
3945,1966.1458966565347,1992.367781155015,2018.9878419452887,2046.0060790273556,2073.4224924012155,8160.787234042553,6917.595744680851
3946,1397.5714285714284,1411.857142857143,1426.2857142857142,1440.857142857143,1455.5714285714284,7111.0,6069.0
3950,5590.285714285714,5647.428571428572,5705.142857142857,5763.428571428572,5822.285714285714,28444.0,24276.0
3951,0.0,0.0,0.0,0.0,0.0,0.0,0.0
3953,2858.5,2880.75,2903.0,2925.5,2948.25,13334.5,10698.0
3954,0.0,0.0,0.0,0.0,0.0,0.0,0.0
3956,8163.173913043478,8223.065217391304,8282.95652173913,8343.347826086956,8404.5,38953.34782608696,31122.521739130432
3957,0.0,0.0,0.0,0.0,0.0,0.0,0.0
3958,0.0,0.0,0.0,0.0,0.0,0.0,0.0
3959,407.695652173913,410.2608695652174,412.82608695652175,415.39130434782606,418.0,2047.391304347826,1621.086956521739
3960,2461.173913043478,2476.5652173913045,2491.9565217391305,2507.3478260869565,2523.0,88842.34782608696,79857.52173913043
3962,0.0,0.0,0.0,0.0,0.0,0.0,0.0
3964,0.0,0.0,0.0,0.0,0.0,0.0,0.0
3965,0.0,0.0,0.0,0.0,0.0,0.0,0.0
3966,0.0,0.0,0.0,0.0,0.0,0.0,0.0
3967,0.0,0.0,0.0,0.0,0.0,0.0,0.0
3971,2039.5461847389556,2054.210843373494,2068.875502008032,2083.706827309237,2098.7048192771085,10058.91967871486,8029.156626506025
3975,18270.0,20785.0,23646.0,26901.0,30604.0,58091.0,52114.0
3976,26384.0,26729.0,27078.0,27432.0,27790.0,49343.0,47257.0
3977,141406.483035869,156072.69783399758,173165.7618783573,193175.64896898283,216696.90289377925,360926.9558135505,324738.0459539074
3978,30695.845723462673,35975.17049163342,42352.85219914003,50070.82049422369,59423.62814070351,60567.152256125984,54176.475055690826
3979,0.0,0.0,0.0,0.0,0.0,0.0,0.0
3980,111.47586206896551,112.33103448275862,113.18620689655172,114.0551724137931,114.92413793103448,853.7931034482758,730.0551724137931
3981,5917.534609720176,6002.279823269513,6087.843888070692,6174.79823269514,6263.142857142857,34508.106038291604,28977.717231222385
3984,5586.051656064927,5709.2967756086855,5835.396468523799,5964.350734810265,6096.159574468085,12018.466549681947,9910.511186663742
3987,1397.5714285714284,1411.857142857143,1426.2857142857142,1440.857142857143,1455.5714285714284,7111.0,6069.0
3988,0.0,0.0,0.0,0.0,0.0,0.0,0.0
3989,0.0,0.0,0.0,0.0,0.0,0.0,0.0
3990,0.0,0.0,0.0,0.0,0.0,0.0,0.0
3991,0.0,0.0,0.0,0.0,0.0,0.0,0.0
3992,1137.1489361702127,1161.0212765957447,1185.404255319149,1210.2978723404256,1235.7021276595744,2099.574468085106,1697.191489361702
3995,12508.638297872341,12771.234042553191,13039.446808510638,13313.27659574468,13592.72340425532,23095.31914893617,18669.106382978724
3996,8786.431082331175,8916.943570767808,9049.753931544867,9184.86216466235,9322.659574468085,27874.606845513415,22227.14431082331
