SA2,SA2 name,2001,2002,2003,2004,2005,2006,2007,2008,2009,2010,2011,2012,2013,2014,2015,2016,2017,2018,2019,2020,2021
201011001,Alfredton,5756,6092,6293,6480,6648,6761,7034,7272,7614,7894,8452,9060,9714,10338,11039,11852,12639,13520,14408,15472,16823
201011002,Ballarat,11497,11708,12015,12189,12269,12356,12408,12480,12476,12462,12365,12357,12352,12327,12300,12301,12261,12237,12311,12183,12076
201011003,Ballarat - North,20268,20586,20838,21000,21134,21279,21492,21736,21937,22215,22424,22612,22857,23000,23211,23539,23836,24031,24235,24299,24348
201011004,Ballarat - South,20424,20389,20407,20314,20423,20534,20911,21470,21940,22666,23193,23442,23696,24049,24296,24654,24983,25265,25406,25395,25269
201011005,Buninyong,5320,5399,5557,5620,5857,6037,6131,6252,6431,6595,6725,6854,6984,7082,7191,7311,7407,7413,7452,7369,7232
201011006,Delacombe,4154,4225,4371,4465,4704,5041,5206,5349,5557,5699,5838,6020,6267,6583,6846,7195,7617,8174,8876,9736,10640
201011007,Smythes Creek,3317,3378,3411,3473,3508,3542,3594,3658,3714,3774,3819,3872,3914,3945,3966,3990,4002,4040,4109,4148,4213
201011008,Wendouree - Miners Rest,13355,13255,13161,13095,13028,12963,13033,13334,13718,14104,14473,14625,14707,14746,14779,14826,14933,15056,15160,15242,15314
201021009,Bacchus Marsh Region,4900,4929,4948,4993,5048,5070,5138,5242,5387,5536,5672,5754,5819,5852,5903,5982,6093,6217,6344,6457,6533
201021010,Creswick - Clunes,7467,7423,7402,7395,7332,7316,7351,7388,7421,7473,7503,7573,7639,7702,7781,7870,7910,7954,7981,8016,8036
201021011,Daylesford,8201,8161,8119,8160,8037,8046,8059,8227,8434,8536,8589,8701,8829,8934,9018,9117,9238,9380,9536,9713,9870
201021012,Gordon (Vic.),5350,5315,5320,5322,5351,5371,5381,5404,5463,5485,5488,5529,5582,5631,5692,5761,5866,5990,6114,6236,6337
201031013,Avoca,3151,3163,3182,3202,3247,3294,3296,3293,3333,3343,3347,3342,3337,3322,3317,3323,3349,3389,3417,3440,3498
201031014,Beaufort,3809,3801,3800,3809,3821,3838,3843,3852,3869,3882,3886,3955,4047,4172,4317,4454,4483,4444,4536,4598,4618
201031015,Golden Plains - North,3875,3908,3912,3915,3948,3956,3973,3988,4032,4068,4102,4195,4284,4363,4444,4540,4609,4688,4778,4824,4868
201031016,Maryborough (Vic.),7742,7738,7714,7653,7597,7574,7599,7619,7673,7692,7674,7750,7809,7865,7915,8001,8057,8132,8146,8115,8116
201031017,Maryborough Region,5375,5335,5279,5177,5118,5073,5081,5102,5153,5153,5106,5135,5180,5197,5222,5278,5342,5392,5394,5373,5475
202011018,Bendigo,15549,15579,15477,15221,15016,14903,14855,14784,14763,14752,14811,14806,14785,14764,14753,14770,14836,14927,15055,15063,14951
202011019,California Gully - Eaglehawk,9453,9487,9472,9485,9531,9683,9788,9888,10013,10159,10262,10556,11008,11352,11705,12130,12295,12454,12613,12775,12923
202011020,East Bendigo - Kennington,12682,12962,13285,13413,13430,13476,13542,13641,13720,13817,13902,13905,13892,13858,13805,13750,13801,13825,13881,13785,13925
202011021,Flora Hill - Spring Gully,8823,8925,9029,9103,9132,9173,9184,9212,9268,9310,9294,9340,9396,9445,9460,9493,9501,9518,9538,9562,9420
202011022,Kangaroo Flat - Golden Square,16792,16895,17132,17232,17225,17378,17606,17882,18207,18522,18818,19138,19377,19563,19742,19947,20180,20422,20690,20900,21060
202011023,Maiden Gully,2708,2843,3016,3151,3295,3453,3642,3752,3890,4087,4354,4541,4724,4859,4983,5155,5248,5317,5358,5455,5500
202011024,Strathfieldsaye,4134,4331,4668,5054,5310,5597,5927,6246,6568,6823,7095,7400,7678,8012,8355,8775,9120,9475,9889,10296,10676
202011025,White Hills - Ascot,6171,6214,6293,6432,6727,7141,7619,7908,8171,8508,8804,9312,9912,10604,11232,11914,12471,12983,13561,14014,14444
202021026,Bendigo Region - South,4976,5097,5227,5421,5557,5695,5827,5954,6113,6169,6265,6412,6574,6772,7020,7346,7576,7789,7915,8143,8306
202021027,Castlemaine,9358,9433,9570,9592,9603,9626,9691,9746,9794,9860,9920,10006,10134,10308,10545,10770,10882,11004,11131,11257,11285
202021028,Castlemaine Region,7724,7736,7804,7830,7871,7909,7982,8122,8180,8253,8281,8344,8408,8484,8539,8621,8695,8774,8848,8960,9145
202021029,Heathcote,3895,3901,3918,3967,3966,3962,3974,4004,4043,4083,4110,4207,4290,4368,4452,4529,4605,4690,4783,4893,5023
202021030,Kyneton,7941,7987,8013,8099,8194,8243,8367,8495,8668,8785,8895,9136,9327,9503,9656,9782,9918,10060,10206,10353,10494
202021031,Woodend,5915,5972,5974,6001,6058,6120,6178,6248,6385,6437,6579,6618,6707,6827,6908,7043,7218,7399,7584,7699,7908
202031032,Bendigo Region - North,3900,3930,3964,4014,4060,4073,4073,4089,4134,4168,4192,4226,4258,4299,4351,4413,4507,4610,4705,4790,4906
202031033,Loddon,8033,7954,7851,7703,7606,7513,7464,7397,7324,7234,7111,7103,7093,7083,7085,7098,7106,7130,7156,7178,7230
203011034,Bannockburn,2569,2723,2970,3182,3440,3587,3825,4078,4313,4527,4754,5121,5584,5910,6192,6549,6877,7122,7352,7594,7733
203011035,Golden Plains - South,5111,5110,5184,5361,5494,5581,5630,5732,5882,6072,6283,6416,6580,6681,6786,6937,7112,7317,7539,7756,8065
203011036,Winchelsea,5418,5436,5441,5491,5487,5508,5545,5615,5724,5756,5788,5794,5801,5803,5805,5824,5886,5989,6144,6347,6582
203021037,Belmont,14160,14015,13901,13790,13683,13631,13630,13666,13705,13805,13910,13968,14012,14086,14175,14312,14591,14741,14956,15070,14994
203021038,Corio - Norlane,26445,26384,26263,26062,25768,25684,25825,25979,26133,26330,26469,26525,26617,26702,26806,27029,27308,27460,27591,27620,27398
203021039,Geelong,11944,11954,11984,12021,12027,11996,12078,12151,12237,12342,12422,12550,12692,12834,12955,13077,13199,13323,13419,13471,13477
203021040,Geelong West - Hamlyn Heights,18634,18687,18675,18562,18462,18504,18574,18754,18939,19092,19247,19354,19476,19588,19756,20021,20219,20491,20781,21107,21244
203021041,Grovedale,14497,15063,15588,16138,16867,17529,18117,18699,19198,19692,20136,20364,20782,21248,22204,23790,25877,28113,30211,32654,35111
203021042,Highton,15469,15990,16503,16923,17313,17726,18100,18480,18991,19449,19834,20397,21148,21858,22390,22794,23062,23440,23776,23815,24079
203021043,Lara,13075,13665,14004,14213,14417,14684,14878,15100,15283,15503,15861,16507,17078,17546,17996,18587,19141,19759,20258,20540,20850
203021044,Leopold,8074,8428,8725,8877,8965,9067,9065,9219,9485,9784,10230,10726,11369,11985,12544,13140,13352,13398,13302,13255,13213
203021045,Newcomb - Moolap,13933,14167,14375,14545,14663,14676,14706,14758,14801,14885,14962,14956,14927,14880,14858,14873,15002,15141,15396,15451,15402
203021046,Newtown (Vic.),9774,9769,9787,9800,9807,9827,9857,9885,9913,9968,10030,10073,10205,10273,10368,10483,10551,10598,10612,10539,10406
203021047,North Geelong - Bell Park,13578,13666,13712,13759,13801,13834,13919,14045,14195,14361,14487,14478,14496,14558,14710,15040,15299,15471,15834,15824,15739
203031048,Clifton Springs,10204,10546,10665,10781,10945,11036,11184,11350,11558,11735,11866,11992,12248,12591,13074,13593,14141,14747,15556,16111,16716
203031049,Lorne - Anglesea,4748,4791,4822,4816,4818,4799,4871,4989,5073,5123,5151,5165,5184,5195,5211,5261,5379,5519,5671,5882,6189
203031050,Ocean Grove - Barwon Heads,15596,16111,16333,16550,16728,16817,17191,17566,17946,18349,18842,19472,20291,21435,22747,24177,25461,26741,28100,29416,30698
203031051,Portarlington,5391,5455,5558,5599,5716,5681,5863,5978,6186,6400,6647,6880,7042,7139,7276,7517,7770,8082,8403,8866,9450
203031052,Point Lonsdale - Queenscliff,4124,4152,4150,4130,4101,4130,4126,4150,4158,4175,4164,4176,4188,4201,4218,4249,4415,4587,4773,5114,5456
203031053,Torquay,10225,10625,10853,11058,11292,11758,12472,13221,14011,14743,15497,16337,17006,17641,18365,19131,20033,20972,22116,23299,24617
204011054,Alexandra,6263,6248,6250,6251,6267,6271,6299,6279,6250,6219,6219,6270,6298,6349,6404,6474,6546,6640,6678,6679,6768
204011055,Euroa,6188,6164,6139,6102,6047,6019,6040,6035,6015,6017,6002,6056,6104,6175,6247,6316,6426,6542,6652,6766,6864
204011056,Kilmore - Broadford,8889,9094,9548,9919,10237,10406,10798,11016,11257,11685,12038,12468,12883,13271,13642,14098,14385,14678,15090,15304,15517
204011057,Mansfield (Vic.),6907,6982,7037,7158,7408,7601,7707,7865,8026,8144,8202,8357,8533,8652,8788,8935,9162,9429,9705,10095,10454
204011058,Nagambie,3311,3309,3352,3368,3369,3424,3468,3500,3538,3580,3621,3693,3768,3849,3936,4048,4104,4186,4246,4380,4507
204011059,Seymour,6987,6888,6860,6773,6670,6570,6551,6513,6524,6526,6518,6507,6473,6432,6407,6403,6430,6472,6508,6528,6545
204011060,Seymour Region,4213,4230,4243,4230,4195,4145,4210,4218,4222,4246,4252,4261,4315,4462,4469,4487,4553,4594,4601,4601,4632
204011061,Upper Yarra Valley,173,176,177,179,184,187,194,202,213,219,221,213,206,199,192,184,193,206,215,224,240
204011062,Yea,3497,3547,3563,3552,3540,3573,3563,3537,3477,3428,3446,3448,3469,3496,3534,3606,3696,3800,3903,4013,4142
204021063,Benalla,10247,10272,10289,10303,10306,10310,10317,10340,10375,10425,10471,10470,10468,10451,10425,10420,10478,10544,10607,10682,10750
204021064,Benalla Region,3632,3605,3574,3513,3457,3445,3451,3438,3452,3439,3415,3437,3469,3507,3559,3623,3634,3673,3683,3746,3752
204021065,Rutherglen,3432,3462,3494,3534,3572,3626,3661,3693,3716,3731,3739,3768,3795,3818,3857,3907,3932,3972,4007,4021,4019
204021066,Wangaratta,17109,17123,17136,17175,17223,17320,17419,17541,17676,17837,17980,18144,18294,18437,18624,18940,19183,19453,19600,19683,19877
204021067,Wangaratta Region,9151,9218,9242,9289,9385,9456,9452,9464,9435,9363,9232,9294,9356,9425,9519,9652,9753,9788,9803,9785,9863
204031068,Beechworth,4216,4208,4202,4190,4184,4180,4197,4214,4230,4260,4289,4354,4412,4463,4541,4632,4733,4797,4868,4930,4954
204031069,Bright - Mount Beauty,8111,8110,8073,7995,7940,7874,7838,7826,7813,7841,7875,7970,8052,8120,8179,8299,8394,8518,8583,8720,8848
204031070,Chiltern - Indigo Valley,2904,2922,2923,2925,2957,2952,2903,2905,2912,2906,2907,2934,2974,3005,3055,3117,3115,3116,3146,3162,3158
204031071,Myrtleford,4714,4712,4721,4722,4734,4733,4722,4682,4642,4601,4560,4594,4623,4651,4689,4742,4736,4730,4730,4726,4716
204031072,Towong,6204,6185,6137,6124,6091,6083,6055,6035,6038,5989,5890,5910,5931,5952,5974,6014,6041,6072,6109,6132,6153
204031073,West Wodonga,12929,13263,13640,14041,14126,14104,14211,14351,14465,14610,14749,14901,15008,15072,15111,15181,15197,15234,15285,15337,15357
204031074,Wodonga,19035,19218,19355,19487,19471,19491,19626,19806,20189,20677,21276,21857,22567,23297,24112,24919,25616,26265,26743,27251,27826
204031075,Yackandandah,3997,4062,4142,4189,4261,4335,4329,4349,4410,4435,4433,4461,4489,4511,4536,4578,4660,4773,4900,5043,5187
205011076,Drouin,9882,10015,10130,10340,10472,10734,11020,11315,11832,12599,13323,14046,14678,15201,15787,16435,17107,17762,18422,19164,19790
205011077,Mount Baw Baw Region,5736,5750,5762,5801,5815,5857,5890,5914,5992,6036,6053,6059,6069,6073,6078,6095,6168,6253,6349,6423,6539
205011078,Trafalgar (Vic.),6112,6066,6067,6022,5990,6051,6189,6374,6625,6947,7166,7270,7394,7513,7656,7828,7980,8052,8098,8153,8313
205011079,Warragul,14203,14327,14501,14654,14959,15275,15561,15902,16225,16632,16964,17284,17635,18004,18466,19088,19753,20478,21251,22055,23080
205021080,Alps - East,0,0,0,0,0,0,0,0,0,0,0,0,0,0,0,3,3,3,3,3,0
205021081,Bairnsdale,12080,12108,12189,12342,12462,12662,12846,13001,13126,13320,13458,13680,13894,14157,14524,14899,15162,15391,15528,15538,15648
205021082,Bruthen - Omeo,6909,6979,7028,7125,7248,7341,7340,7330,7337,7348,7380,7498,7599,7695,7781,7902,7960,8007,8048,8111,8238
205021083,Lake King,0,0,0,0,0,0,0,0,0,0,0,0,0,0,0,0,0,0,0,0,0
205021084,Lakes Entrance,8343,8447,8486,8585,8669,8759,8891,9076,9272,9453,9642,9762,9852,9901,9949,10038,10207,10414,10634,10855,11091
205021085,Orbost,7047,6975,6939,6926,6902,6865,6851,6840,6828,6813,6800,6746,6691,6604,6528,6497,6503,6527,6561,6608,6690
205021086,Paynesville,4638,4763,4838,4947,5008,5074,5196,5300,5462,5570,5654,5761,5887,6034,6200,6374,6451,6592,6730,6783,6897
205031087,Foster,8272,8242,8198,8173,8167,8170,8172,8189,8211,8240,8266,8429,8564,8666,8774,8897,8969,9021,9114,9276,9377
205031088,French Island,90,91,92,91,92,92,96,101,104,108,113,113,113,114,114,114,119,124,128,133,138
205031089,Korumburra,7981,8013,8070,8125,8185,8246,8328,8406,8528,8650,8819,8915,9015,9088,9167,9253,9342,9442,9581,9742,9783
205031090,Leongatha,9791,9804,9909,9953,10026,10029,10118,10240,10393,10535,10678,10835,10939,11006,11077,11202,11230,11317,11402,11417,11434
205031091,Phillip Island,7361,7585,7838,7967,8260,8303,8573,8880,9193,9500,9657,9802,9946,10104,10334,10686,11275,11888,12452,13047,13724
205031092,Wilsons Promontory,13,13,13,13,13,13,13,13,14,14,14,14,14,13,13,13,13,14,14,15,15
205031093,Wonthaggi - Inverloch,17647,17801,17956,18117,18250,18359,18602,18891,19168,19787,20396,20801,21181,21611,22039,22577,23270,23966,24739,25631,26723
205041094,Churchill,11430,11365,11289,11232,11220,11218,11265,11327,11385,11489,11568,11567,11579,11576,11574,11594,11607,11632,11679,11763,11855
205041095,Moe - Newborough,17061,17105,17132,17090,16975,16915,16795,16787,16771,16876,16955,16916,16888,16843,16815,16840,16906,16985,17075,17173,17263
205041096,Morwell,14345,14268,14150,14001,13944,13936,13984,14053,14108,14207,14302,14265,14204,14111,14049,14024,14042,14094,14157,14258,14393
205041097,Traralgon,22020,22239,22515,22828,23222,23844,24356,24888,25381,25844,26307,26566,26750,26888,27076,27361,27705,28028,28337,28586,28735
205041098,Yallourn North - Glengarry,4579,4573,4527,4522,4491,4479,4453,4464,4478,4490,4477,4503,4525,4547,4585,4643,4637,4622,4626,4649,4691
205051099,Alps - West,26,26,26,26,26,25,26,27,27,28,29,28,27,26,25,24,24,24,23,23,23
205051100,Longford - Loch Sport,3830,3782,3751,3721,3700,3685,3730,3769,3806,3861,3902,4008,4103,4184,4269,4367,4446,4522,4655,4777,4901
205051101,Maffra,13002,12976,12958,12984,13023,13076,13157,13263,13371,13488,13595,13689,13739,13804,13873,13973,14125,14244,14400,14574,14693
205051102,Rosedale,4441,4428,4402,4386,4354,4348,4357,4407,4508,4573,4664,4699,4727,4742,4759,4791,4853,4895,4913,4861,4909
205051103,Sale,13676,13673,13685,13724,13820,13942,14019,14134,14222,14315,14441,14568,14666,14729,14781,14891,14906,14974,15057,15148,15259
205051104,Yarram,5686,5626,5560,5491,5465,5449,5453,5443,5451,5419,5329,5335,5345,5349,5351,5371,5401,5433,5469,5538,5556
206011105,Brunswick,20661,20906,21015,21147,21384,21655,22144,22641,23110,23546,23987,24656,25384,26155,26799,27435,27704,28115,28342,28337,26306
206011106,Brunswick East,7263,7304,7329,7514,7658,7803,8058,8313,8586,8789,8966,9208,9870,10439,11062,11716,12149,12382,12588,13045,12963
206011107,Brunswick West,12415,12404,12449,12527,12609,12746,12946,13232,13580,13741,13864,13963,14057,14192,14344,14523,14549,14685,14840,14991,14499
206011108,Coburg,22916,23137,23330,23584,23998,24353,24772,25319,25841,26015,26234,26540,26843,27127,27420,27802,27948,28056,27997,27750,26859
206011109,Pascoe Vale South,8841,8860,8894,8967,9070,9206,9318,9445,9678,9810,9860,9954,10038,10122,10251,10465,10693,10825,10861,10819,10461
206021110,Alphington - Fairfield,7885,7924,7951,7976,8032,8105,8189,8270,8377,8506,8561,8706,8827,8944,9134,9434,9470,9409,9459,9527,9072
206021111,Northcote,21150,21244,21369,21567,21817,22220,22726,23282,23821,24070,24152,24419,24982,25551,25992,26424,26630,26885,27011,27036,25657
206021112,Thornbury,17056,17084,17084,17118,17193,17368,17622,17880,18064,18177,18258,18484,18773,18985,19254,19578,19711,19699,19708,19763,19152
206031113,Ascot Vale,12516,12595,12645,12693,12782,12890,13275,13671,13914,14012,14135,14309,14491,14870,15219,15497,15676,15740,15758,15762,15351
206031114,Essendon - Aberfeldie,23968,23933,23925,24025,24167,24395,24583,24854,25262,25575,25845,26169,26631,27304,28065,28946,29327,29525,29644,29645,28493
206031115,Flemington,8063,8071,8018,8124,8240,8410,8661,8841,9030,9261,9547,9791,10068,10311,10531,10734,10663,10650,10454,10263,9190
206031116,Moonee Ponds,12608,12691,12777,12830,12971,13123,13287,13618,14014,14164,14168,14436,14666,14820,14949,15158,15489,15768,16081,16621,16406
206041117,Carlton,9529,10022,10611,11224,11924,12737,13509,14133,14687,14926,15122,15605,16719,17843,18983,20242,20669,20869,21088,20943,17198
206041118,Docklands,154,926,1913,3089,3779,4152,4592,5040,5402,5780,6196,6802,7988,9170,10444,11832,13923,15439,16375,16678,15942
206041119,East Melbourne,3731,3859,4243,4460,4495,4555,4806,5055,5202,5272,5238,5280,5333,5374,5411,5475,5495,5409,5413,5378,4962
206041120,Flemington Racecourse,37,42,46,50,56,63,68,73,79,83,86,87,88,89,90,91,88,86,83,81,78
206041121,Kensington (Vic.),7686,8007,8155,8605,8830,9013,9481,9828,10158,10230,10259,10487,10762,11030,11291,11530,11535,11485,11600,11402,10874
206041122,Melbourne,7644,9592,11400,12727,14292,15249,16225,17325,18751,20382,21815,24882,29650,33626,37162,40181,44599,47615,49743,50425,43823
206041123,North Melbourne,11639,11939,12250,12826,13278,13714,14277,14812,15409,15875,16361,17412,18636,19644,20779,22106,23087,24187,25042,25732,23617
206041124,Parkville,5332,5327,5253,5201,5157,5270,5649,6000,6331,6482,6551,6872,7174,7447,7682,7898,8182,8243,8294,8321,7446
206041125,South Yarra - West,5317,5233,5176,5183,5289,5538,5837,6118,6380,6418,6426,6400,6393,6397,6405,6453,6831,6954,7052,6955,6542
206041126,Southbank,4330,5645,7102,8167,9097,9863,10697,11408,11931,12130,12174,13746,15964,17355,18626,20288,21580,23159,24413,24870,23173
206041127,West Melbourne,0,0,0,0,0,0,0,0,0,0,0,0,0,0,0,3,3,3,3,0,0
206051128,Albert Park,12368,12595,12800,12997,13269,13550,13731,13928,14245,14595,15009,15142,15282,15592,16053,16490,16495,16720,17071,16942,16023
206051129,Elwood,13342,13500,13683,13934,14216,14477,14790,15076,15425,15552,15666,15807,15910,16063,16145,16382,16383,16259,16191,15910,15041
206051130,Port Melbourne,10903,11794,12515,13037,13543,14049,14577,14958,15315,15363,15413,15964,16498,16915,17254,17469,17487,17344,17297,16981,16373
206051131,Port Melbourne Industrial,9,9,9,9,9,9,10,11,13,14,15,17,19,21,23,25,182,535,881,1268,1472
206051132,South Melbourne,8529,8771,9021,9375,9532,9719,9963,10126,10343,10400,10396,10989,11521,11972,12253,12492,12700,12956,13153,13144,12330
206051133,St Kilda,19808,20203,20680,21061,21537,21990,22471,22918,23451,23798,24091,25233,26027,26760,27349,28166,28686,29228,29429,29011,26204
206051134,St Kilda East,15095,15348,15462,15604,15725,15847,15948,16157,16480,16653,16686,16755,16912,17139,17315,17613,17562,17646,17704,17245,16085
206061135,Armadale,8632,8683,8724,8770,8783,8863,8990,9148,9260,9318,9301,9308,9338,9387,9485,9619,9632,9899,10036,10063,9436
206061136,Prahran - Windsor,16588,16724,16820,17117,17358,17594,17921,18299,18583,18695,18738,19401,19977,20481,20834,21275,21364,21276,21081,20831,19460
206061137,South Yarra - East,12922,13441,13626,13831,14110,14406,14572,14860,15292,15566,15778,17116,18062,19382,20587,22350,23147,23826,24054,23503,21581
206061138,Toorak,13318,13367,13455,13563,13672,13765,13861,13956,13979,13939,13768,13795,13841,13878,13939,14036,13958,13947,13903,13627,13098
206071139,Abbotsford,4150,4339,4444,4452,4498,4537,4638,4727,4833,5029,5213,5544,6539,7411,8078,8770,9288,9522,9586,9662,9262
206071140,Carlton North - Princes Hill,8433,8450,8457,8484,8525,8586,8692,8747,8761,8801,8786,8800,8835,8893,8964,9058,9023,9020,8988,8891,8295
206071141,Collingwood,5221,5419,5537,5602,5653,5761,5939,6185,6454,6684,6867,7209,7427,8022,8582,9235,9439,9597,9817,9953,9348
206071142,Fitzroy,8315,8503,8641,8772,8961,9241,9596,9857,10050,10238,10214,10507,10705,10880,11056,11259,11325,11364,11363,11284,10609
206071143,Fitzroy North,11130,11162,11202,11275,11486,11606,11725,11937,12104,12163,12143,12312,12446,12658,12901,13129,13249,13330,13521,13648,12955
206071144,Richmond (Vic.),24372,24672,24936,25227,25510,25883,26313,26774,27312,27583,27841,28874,29816,30936,31722,32686,33276,33710,34127,33910,32055
206071145,Yarra - North,7673,7687,7739,7833,7909,8034,8225,8372,8519,8595,8621,8814,9001,9237,9449,9606,9675,9761,9984,10151,9980
207011146,Ashburton (Vic.),7022,7084,7138,7189,7266,7286,7477,7618,7733,7834,7875,7912,7948,7970,8018,8104,8175,8245,8292,8301,8025
207011147,Balwyn,15317,15393,15462,15541,15694,15879,15988,16084,16187,16272,16314,16319,16382,16477,16573,16679,16914,17072,17144,17015,16332
207011148,Balwyn North,19958,20043,20099,20172,20289,20412,20532,20657,20753,20815,20850,21005,21155,21245,21332,21440,21609,21765,21916,21904,21411
207011149,Camberwell,20073,20112,20126,20144,20202,20218,20339,20479,20701,20822,20918,21144,21381,21739,22179,22646,22791,22799,22823,22583,21512
207011150,Glen Iris - East,15114,15220,15283,15376,15526,15625,15865,16228,16485,16609,16634,16817,16962,17034,17075,17182,17349,17408,17495,17354,17010
207011151,Hawthorn,19711,19812,19969,20182,20326,20531,20863,21091,21470,21721,22013,22356,23046,23629,24047,24548,24733,24783,24694,24216,22188
207011152,Hawthorn East,12912,13172,13343,13423,13505,13626,13835,14022,14241,14369,14417,14531,14732,15066,15601,16192,16466,16670,16749,16689,15898
207011153,Kew,24072,23938,23753,23667,23596,23583,23790,24371,24660,24757,24856,25123,25460,25957,26223,26504,26598,26642,26572,26115,24878
207011154,Kew East,6115,6137,6141,6156,6201,6239,6305,6407,6484,6519,6552,6581,6627,6679,6742,6855,6842,6782,6778,6776,6557
207011155,Surrey Hills (West) - Canterbury,15952,15975,15984,16035,16122,16206,16314,16451,16570,16608,16633,16695,16792,16864,16963,17126,17114,17129,17084,16769,16090
207021156,Bulleen,11057,11070,11046,10990,10920,10867,11013,11136,11290,11350,11376,11397,11434,11468,11504,11565,11580,11622,11615,11642,11371
207021157,Doncaster,18365,18506,18540,18562,18562,18599,18717,18834,19015,19131,19343,19659,20097,20505,21076,21885,22697,23218,24147,25083,25172
207021159,Templestowe,17182,17209,17187,17171,17178,17208,17267,17314,17376,17371,17344,17381,17427,17469,17550,17682,17706,17668,17658,17527,17105
207021160,Templestowe Lower,13634,13614,13550,13486,13460,13505,13590,13687,13781,13816,13792,13844,13914,14006,14155,14305,14397,14407,14425,14559,14278
207021424,Doncaster East (North),15248,15199,15102,15074,15042,15035,15025,15039,15036,15033,15013,15020,15055,15146,15242,15328,15507,15703,15940,16127,15792
207021425,Doncaster East (South),11912,12011,12125,12182,12288,12404,12718,13017,13234,13284,13343,13558,13733,14019,14302,14596,14921,15108,15750,15920,15593
207031161,Blackburn,19123,19128,19119,19121,19210,19317,19534,19999,20332,20490,20635,20920,21247,21503,21850,22291,22593,22727,22910,23003,22360
207031162,Blackburn South,10608,10574,10557,10546,10530,10588,10668,10760,10873,10958,10975,10982,11010,11046,11101,11229,11293,11346,11374,11328,11022
207031163,Box Hill,15447,15552,15629,15766,16109,16476,17012,17414,17965,18218,18240,18697,19169,19618,20170,20839,21747,22686,23420,24101,23232
207031164,Box Hill North,15780,15820,15843,15915,16038,16224,16447,16699,16973,17051,17036,17239,17543,17940,18205,18466,18557,18653,18749,18887,18304
207031165,Burwood,9807,9841,9856,9957,10048,10227,10363,10650,10936,11150,11327,11564,11846,12174,12493,12900,13249,13390,13447,13467,12543
207031166,Burwood East,10180,10140,10145,10165,10183,10239,10312,10408,10525,10572,10614,10636,10667,10685,10713,10772,10836,10892,10965,11041,10778
207031167,Surrey Hills (East) - Mont Albert,9243,9271,9414,9466,9522,9643,9832,10014,10150,10207,10145,10164,10228,10288,10356,10456,10559,10657,10743,10660,10262
208011168,Beaumaris,12763,12768,12729,12715,12721,12767,12877,13123,13264,13351,13375,13472,13631,13831,13995,14250,14269,14423,14391,14343,14124
208011169,Brighton (Vic.),21029,21084,21141,21190,21244,21360,21669,21940,22264,22441,22526,22651,22989,23467,23933,24353,24484,24530,24443,24110,23053
208011170,Brighton East,14355,14585,14782,14876,15011,15265,15460,15739,15958,16060,16087,16216,16372,16473,16585,16718,16792,16903,16978,16989,16695
208011171,Cheltenham - Highett (West),9657,9672,9677,9701,9750,9837,10008,10228,10431,10523,10544,10696,10817,11050,11226,11463,11755,12139,12349,12582,12541
208011172,Hampton,16026,16083,16174,16237,16326,16568,16790,17042,17302,17471,17699,17838,17999,18165,18345,18611,18727,18804,18894,18972,18406
208011173,Sandringham - Black Rock,14432,14525,14585,14675,14821,15010,15237,15463,15631,15748,15888,16098,16444,16811,17184,17517,17594,17746,17974,17885,17518
208021174,Bentleigh - McKinnon,19086,19273,19555,19839,20072,20409,20784,21203,21612,21819,21951,22388,22759,23067,23295,23586,24138,24581,25151,25411,25201
208021176,Carnegie,14982,15086,15136,15257,15477,15659,16003,16289,16742,16915,17047,17367,17775,18192,18645,19091,19281,19541,19673,19659,18803
208021177,Caulfield - North,18975,19149,19188,19227,19463,19698,19875,20101,20385,20583,20703,20930,21277,21614,21956,22288,22842,23028,23156,23380,22739
208021178,Caulfield - South,15636,15699,15815,16044,16262,16508,16599,16859,17098,17177,17227,17430,17636,17921,18156,18393,18550,18730,18788,18691,18232
208021179,Elsternwick,10340,10373,10415,10493,10527,10668,10878,11031,11199,11278,11292,11352,11476,11687,11825,12110,12236,12408,12504,12494,12032
208021180,Hughesdale,6382,6382,6440,6569,6636,6764,7045,7253,7465,7485,7384,7528,7648,7748,7882,8038,8053,7991,7920,7948,7644
208021181,Murrumbeena,8004,8083,8117,8262,8387,8548,8744,8896,8977,8990,8983,9143,9283,9458,9640,9809,9891,9891,9870,9761,9471
208021182,Ormond - Glen Huntly,10915,11024,11025,11131,11288,11703,12049,12369,12695,12835,12967,13205,13403,13597,13742,14057,14132,14208,14258,14193,13298
208021426,Bentleigh East (North),12594,12654,12716,12877,13023,13194,13413,13706,14046,14152,14196,14411,14648,14930,15198,15482,15707,15973,16393,16790,16756
208021427,Bentleigh East (South),11814,11856,11849,11907,11986,12087,12179,12446,12660,12766,12786,12890,13003,13228,13467,13767,13868,13931,14015,14103,14153
208031183,Aspendale Gardens - Waterways,5561,6096,6421,6683,6971,7365,7857,8269,8818,8987,9109,9216,9281,9358,9366,9427,9395,9372,9319,9179,8927
208031184,Braeside,14,14,14,14,14,14,15,16,18,19,20,28,36,44,52,60,54,47,41,34,28
208031185,Carrum - Patterson Lakes,10278,10560,10689,10740,10808,10864,11020,11382,11623,11700,11664,11676,11743,11844,11953,12111,12214,12323,12321,12252,12115
208031186,Chelsea - Bonbeach,11598,11683,11754,11758,11849,11970,12268,12580,13030,13277,13441,13680,13914,14091,14396,14833,15049,15197,15300,15403,15314
208031187,Chelsea Heights,5440,5394,5333,5301,5297,5248,5263,5299,5333,5349,5329,5358,5391,5443,5485,5538,5554,5561,5581,5556,5428
208031188,Cheltenham - Highett (East),19727,19689,19669,19731,19817,19969,20271,20425,20898,21083,21192,21556,22048,22533,22962,23449,23748,24220,24496,24775,24355
208031189,Edithvale - Aspendale,11587,11585,11580,11613,11627,11669,11803,11984,12223,12365,12488,12645,12784,12907,13152,13376,13431,13614,13805,13754,13663
208031190,Mentone,11561,11506,11474,11514,11524,11571,11682,11728,11936,12046,12224,12573,12768,13031,13332,13695,13778,13802,13870,13838,13304
208031191,Moorabbin - Heatherton,6484,6755,7162,7522,7707,7925,8113,8164,8262,8283,8368,8487,8607,8763,8952,9253,9393,9453,9527,9438,9198
208031192,Moorabbin Airport,0,0,0,0,0,0,0,0,0,0,0,0,0,0,0,0,5,10,16,21,26
208031193,Mordialloc - Parkdale,16326,16781,17205,17459,17788,18126,18466,18836,19297,19437,19448,19832,20077,20316,20560,20969,21072,21341,21692,21752,21429
208041194,Malvern - Glen Iris,18525,18571,18728,18876,18966,19120,19276,19730,20108,20235,20279,20519,20729,20898,21009,21148,21222,21366,21578,21438,20482
208041195,Malvern East,19439,19584,19681,19904,20004,20308,20608,20848,20964,20975,20989,21271,21540,21868,22174,22575,22779,22973,23087,23062,22221
209011196,Bundoora - East,8890,8941,9004,9065,9193,9325,9447,9636,9836,9906,9888,9948,9997,10057,10136,10292,10308,10353,10365,10285,9925
209011197,Greensborough,21359,21126,20956,20687,20656,20717,20828,20909,20963,20995,20987,21008,21072,21140,21224,21348,21403,21444,21455,21346,20997
209011198,Heidelberg - Rosanna,12805,12856,12848,12813,12922,13063,13388,13544,13935,14098,14215,14498,14804,15047,15245,15532,15891,16142,16481,16627,16202
209011199,Heidelberg West,13300,13246,13234,13170,13224,13271,13385,13480,13694,13798,13984,14121,14267,14457,14634,14806,15047,15190,15527,15518,15038
209011200,Ivanhoe,10493,10440,10491,10480,10545,10713,10947,11275,11516,11587,11608,11655,11693,11734,11851,11998,12317,12634,12853,12867,12561
209011201,Ivanhoe East - Eaglemont,7656,7677,7704,7684,7747,7884,7923,7968,7999,8032,8041,8057,8068,8079,8088,8119,8121,8130,8138,7975,7801
209011202,Montmorency - Briar Hill,15726,15742,15700,15615,15651,15668,15769,15863,16110,16182,16165,16182,16222,16299,16508,16792,16858,16907,16940,16880,16658
209011203,Viewbank - Yallambie,18270,18170,18096,18037,18134,18286,18501,18642,18885,18874,18775,18782,18820,18882,18943,19018,19111,19205,19225,19162,18891
209011204,Watsonia,9468,9361,9280,9110,9077,9036,9174,9263,9310,9308,9320,9333,9371,9412,9459,9542,9545,9543,9494,9461,9303
209021205,Kingsbury,6084,6468,6929,7375,7986,8561,9323,9858,10419,10649,10821,11106,11349,11516,11730,11965,12093,12068,11789,11521,10564
209021207,Reservoir - East,24082,24046,24024,24153,24318,24666,24909,25115,25479,25662,25781,26379,26842,27285,27735,28420,28704,28898,29033,28929,27930
209021208,Reservoir - West,22957,22761,22599,22545,22534,22663,22829,23286,23627,23828,23969,24190,24453,24676,24910,25246,25395,25399,25342,25118,24135
209021428,Preston - East,16709,16669,16633,16736,16990,17145,17461,17980,18472,18780,19297,19551,19777,20127,20603,21192,21430,21526,21591,21716,20997
209021429,Preston - West,11144,11163,11122,11265,11428,11571,11689,11854,12030,12108,12103,12151,12269,12427,12616,12867,13029,13115,13229,13263,12828
209031209,Eltham,24279,24227,24189,24124,24051,23965,23898,23863,23865,23791,23651,23671,23738,23785,23849,24008,24061,24107,24129,24083,23711
209031210,Hurstbridge,3718,3698,3649,3645,3656,3665,3662,3697,3675,3668,3660,3645,3629,3611,3603,3605,3623,3622,3618,3625,3573
209031211,Kinglake,3677,3737,3787,3850,3927,4032,4023,4064,3567,3626,3671,3752,3810,3856,3922,3984,4047,4117,4148,4164,4235
209031212,Panton Hill - St Andrews,5103,5148,5184,5216,5286,5374,5365,5357,5329,5274,5227,5242,5269,5300,5342,5409,5425,5403,5318,5231,5124
209031213,Plenty - Yarrambat,7787,7888,8033,8220,8476,8722,8828,9047,9266,9344,9401,9512,9580,9666,9706,9794,9834,9850,9860,9751,9522
209031214,Research - North Warrandyte,6956,6917,6880,6853,6846,6843,6838,6852,6867,6859,6846,6878,6900,6921,6954,7007,7026,7015,6993,6987,6985
209031215,Wattle Glen - Diamond Creek,12601,12623,12517,12624,12787,12946,13267,13551,13783,13902,13931,13987,14058,14150,14221,14351,14417,14496,14484,14560,14539
209041216,Bundoora - North,2293,3037,3759,3950,4265,4643,4860,5048,5302,5496,5642,6072,6564,7065,7511,7959,7984,8001,7871,7753,7429
209041217,Bundoora - West,6949,6890,6788,6685,6638,6583,6527,6503,6479,6477,6503,6485,6473,6450,6440,6456,6454,6467,6472,6456,6239
209041219,Lalor,21412,21237,20980,20603,20349,20172,20182,20345,20527,20677,20782,21313,22013,22612,23290,23874,24205,24359,24418,24305,23663
209041220,Mill Park - North,18680,18853,18895,18938,19053,19275,19303,19360,19398,19219,19046,18841,18656,18710,18653,18712,18633,18586,18461,18255,17647
209041221,Mill Park - South,13680,13597,13498,13420,13384,13408,13355,13276,13205,12960,12810,12723,12625,12540,12510,12526,12412,12242,12037,11883,11342
209041223,Thomastown,22546,22382,22228,21869,21570,21422,21328,21398,21512,21526,21430,21420,21430,21432,21442,21485,21482,21445,21351,21152,20211
209041224,Wallan,7916,8421,9042,9562,10044,10330,10586,10938,11268,11643,12189,13090,14058,14859,15686,16747,17606,18718,20058,21497,22933
209041225,Whittlesea,5781,5931,6208,6440,6700,6778,6869,7004,7156,7381,7580,7762,7920,8049,8221,8436,8779,9108,9417,9777,10747
209041430,Doreen,466,559,815,1398,1990,2733,4150,5166,6916,9109,11066,13588,15902,17955,19641,21801,23082,24326,25400,26410,27064
209041431,Epping - East,9823,9921,10075,10176,10342,10580,10934,11304,11740,12035,12587,12857,13087,13272,13480,13738,13868,13921,13916,13776,13272
209041432,Epping - South,8556,8673,8646,8567,8588,8578,8571,8540,8514,8482,8433,8499,8533,8557,8627,8690,8763,8777,8759,8645,8282
209041433,Epping - West,655,645,635,619,615,617,1378,2310,3314,4027,6340,7253,8359,9351,10437,11484,12104,12421,12586,12536,12280
209041434,Mernda,831,781,774,777,779,783,1120,2102,3594,4872,6395,8412,10628,12565,14699,17171,19108,20550,22077,23077,23634
209041435,South Morang (North),514,987,1831,2451,3374,4163,5081,5912,6821,8649,9816,10880,11465,11838,12240,12675,12858,12940,12996,12923,12713
209041436,South Morang (South),4815,5780,6745,7495,7923,8410,8925,9802,10549,11375,11842,12061,12230,12354,12452,12558,12695,12759,12799,12839,12514
209041437,Wollert,389,356,338,348,323,346,355,376,418,424,528,1827,3387,5149,7204,9493,11897,14515,17265,20910,24762
210011226,Airport West,6997,6970,6952,6904,6870,6878,6920,6983,7067,7175,7234,7301,7390,7521,7694,7903,8014,8162,8380,8349,8237
210011227,Essendon Airport,0,0,0,0,0,0,0,0,0,0,0,0,0,0,0,0,3,6,8,11,14
210011228,Keilor,9341,9257,9150,9080,9000,8937,8836,8800,8767,8678,8634,8662,8724,8806,8886,8993,9009,9005,8944,8766,8596
210011229,Keilor East,25899,25672,25363,25144,24954,24945,25026,25146,25269,25344,25394,25636,25964,26449,26960,27399,27579,27785,28073,28073,27645
210011230,Niddrie - Essendon West,5903,5929,5951,5979,6005,6089,6153,6280,6350,6458,6472,6594,6742,6896,7069,7250,7362,7498,7586,7635,7520
210011231,Strathmore,8838,8818,8803,8826,8907,8987,9036,9169,9378,9419,9397,9424,9499,9578,9729,9968,10152,10261,10302,10264,10108
210021232,Gisborne,9055,9172,9310,9500,9710,9823,10031,10364,10769,11055,11380,11783,12087,12404,12850,13312,13603,13895,14102,14219,14332
210021233,Macedon,3516,3499,3472,3474,3452,3459,3432,3391,3374,3329,3308,3354,3394,3443,3476,3525,3535,3539,3537,3531,3540
210021234,Riddells Creek,3471,3475,3500,3554,3565,3648,3697,3749,3801,3842,3882,3929,4008,4066,4113,4174,4247,4293,4334,4433,4494
210021235,Romsey,7425,7509,7656,7839,7989,8098,8207,8336,8585,8750,8832,8994,9091,9248,9389,9663,9893,10093,10360,10595,10832
210031236,Coburg North,6404,6381,6305,6293,6273,6293,6434,6490,6700,6784,6852,6969,7171,7474,7789,8112,8379,8582,8685,8763,8513
210031237,Fawkner,12297,12219,12164,12181,12167,12250,12481,12674,12970,13106,13171,13316,13527,13876,14185,14460,14668,14788,14907,14768,14193
210031239,Pascoe Vale,19181,19102,19069,19070,19153,19436,19927,20311,20887,21298,21506,22091,22609,23257,23913,24829,25322,25785,26012,26072,25385
210031438,Glenroy,18553,18446,18398,18521,18625,18812,19033,19326,19823,20196,20568,20983,21404,21969,22479,23153,23711,24259,24611,24784,23965
210031439,Gowanbrae,526,1001,1355,1543,1779,2053,2319,2516,2711,2769,2886,2907,2928,2956,2999,3042,3091,3118,3136,3152,3141
210031440,Hadfield,5711,5579,5481,5461,5424,5425,5423,5452,5506,5544,5571,5592,5648,5726,5803,5911,6017,6104,6265,6383,6295
210041240,Sunbury,10282,10508,10941,11492,11964,12210,12542,12777,12961,13050,13072,13077,13088,13129,13170,13238,13332,13443,13622,13837,13786
210041241,Sunbury - South,20226,20524,21106,21598,21966,22511,22884,23447,24128,24599,24940,25350,25685,26191,26779,27686,28345,29099,30226,31187,31658
210051242,Broadmeadows,12127,11987,11823,11617,11518,11465,11461,11551,11791,12048,12243,12486,12759,13136,13529,13916,14284,14547,14755,14733,14071
210051243,Campbellfield - Coolaroo,16125,16117,16040,15948,15917,15921,15997,16222,16455,16587,16735,16760,16836,16921,17013,17122,17164,17176,17135,16870,16255
210051245,Gladstone Park - Westmeadows,18851,18696,18505,18266,18165,18148,18115,18049,17980,17894,17771,17829,17894,17997,18135,18353,18486,18570,18596,18574,18178
210051246,Greenvale - Bulla,9950,10178,10573,11173,11636,12028,12248,12535,12902,13243,13543,13732,13991,14584,15629,17123,18256,19464,20298,21238,22391
210051247,Meadow Heights,15929,15761,15588,15310,15213,15167,15405,15580,15692,15759,15767,15739,15752,15764,15755,15779,15842,15867,15857,15824,15078
210051248,Melbourne Airport,149,148,144,142,137,133,138,141,144,149,158,165,173,179,187,194,181,168,155,142,129
210051249,Roxburgh Park - Somerton,10152,12040,13689,15162,16437,17476,18123,18856,19589,19907,20090,20576,21154,21727,22332,23041,23678,24215,24750,25004,24433
210051250,Tullamarine,6744,6718,6685,6630,6581,6583,6594,6605,6605,6580,6545,6550,6576,6636,6674,6698,6756,6816,6829,6817,6630
210051441,Craigieburn - Central,6842,7204,7547,7801,7909,7987,8033,8096,8118,8238,8335,8417,8524,8610,8654,8749,8834,8865,8839,8709,8197
210051442,Craigieburn - North,120,496,1079,1591,2292,3404,4749,5833,7019,7726,8479,9223,10095,10899,11518,12124,12605,12927,12995,12877,12448
210051443,Craigieburn - South,8654,8892,9176,9656,10028,10271,10727,11147,11606,12006,12691,13477,14422,15261,16009,16999,18281,19531,20643,21600,22005
210051444,Craigieburn - West,55,53,54,60,141,228,624,1266,2124,3251,4247,6073,8135,10244,12328,14882,16881,18384,20196,22106,23408
210051445,Mickleham - Yuroke,873,916,988,1065,1130,1192,1245,1231,1330,1468,1579,1723,1863,2209,2762,3580,5843,9235,13945,18372,23477
211011251,Bayswater,10728,10746,10792,10831,10867,10973,11124,11213,11361,11458,11635,11807,11995,12219,12415,12584,12690,12808,12934,12973,12707
211011254,Knoxfield - Scoresby,13242,13181,13113,13076,13066,13103,13164,13260,13389,13436,13471,13858,14236,14645,15140,15752,16206,16575,16905,16992,16733
211011255,Lysterfield,5516,5692,5923,6020,6090,6198,6380,6492,6695,6796,6807,6837,6869,6884,6898,6917,6916,6915,6884,6795,6656
211011256,Rowville - Central,16110,16095,16120,16096,16017,15980,15873,15955,15991,15998,15839,15832,15837,15839,15835,15864,15887,15883,15869,15804,15540
211011257,Rowville - North,5094,6235,6982,7127,7575,7965,8292,8409,8507,8491,8350,8352,8351,8347,8342,8352,8322,8261,8196,8112,7963
211011258,Rowville - South,9472,9802,10179,10337,10493,10720,10838,11026,11214,11265,11241,11191,11153,11099,11044,11000,10968,10918,10856,10741,10464
211011259,Wantirna,14733,14707,14561,14524,14383,14361,14383,14329,14334,14339,14320,14326,14338,14355,14376,14425,14534,14678,14765,14849,14450
211011260,Wantirna South,18014,18180,18164,18199,18191,18278,18238,18309,18304,18270,18176,18175,18243,18326,18437,18580,18591,18602,18612,18578,18102
211011446,Boronia,20673,20649,20653,20564,20568,20629,20802,21028,21227,21312,21461,21567,21740,22047,22430,22918,23226,23405,23669,23886,23831
211011447,Ferntree Gully (North),13461,13352,13288,13180,13121,13079,13099,13193,13579,13769,13815,13939,14041,14120,14214,14337,14406,14467,14520,14428,14249
211011448,Ferntree Gully (South) - Upper Ferntree Gully,14986,14873,14785,14638,14560,14651,14840,15012,15201,15177,15133,15148,15170,15179,15192,15230,15290,15402,15523,15494,15448
211011449,The Basin,4533,4485,4441,4401,4372,4376,4388,4397,4413,4418,4418,4417,4418,4419,4423,4441,4458,4466,4451,4409,4380
211021261,Donvale - Park Orchards,15852,15842,15816,15798,15878,15992,16064,16172,16222,16223,16152,16190,16282,16399,16520,16715,16760,16789,16758,16642,16406
211021262,Warrandyte - Wonga Park,9872,10006,10152,10193,10334,10411,10425,10443,10467,10480,10502,10508,10524,10538,10560,10613,10607,10583,10541,10392,10183
211031263,Bayswater North,11032,11054,11116,11188,11203,11219,11353,11577,11770,11819,11819,11866,11952,12033,12126,12257,12310,12382,12411,12316,11968
211031265,Croydon Hills - Warranwood,17649,17710,17702,17845,18084,18233,18263,18455,18728,18728,18613,18619,18664,18692,18697,18752,18768,18752,18710,18616,18235
211031266,Ringwood,15380,15350,15330,15247,15211,15222,15411,15701,16175,16410,16594,16882,17152,17410,17654,17931,18293,18490,18857,19132,18919
211031267,Ringwood East,18448,18389,18370,18353,18470,18532,18846,19067,19378,19454,19670,19818,19976,20300,20657,21031,21312,21478,21638,21755,21351
211031268,Ringwood North,9519,9515,9497,9504,9530,9541,9569,9599,9637,9660,9658,9711,9775,9857,9910,9991,10052,10066,10036,9919,9726
211031450,Croydon - East,12347,12484,12601,12683,12829,12945,13120,13366,13721,13879,14110,14349,14632,15012,15363,15724,15962,16167,16287,16378,16233
211031451,Croydon - West,10458,10626,10790,10849,10875,10991,11191,11397,11622,11666,11738,12062,12475,12891,13343,13805,14111,14313,14505,14542,14247
211031452,Croydon South,4463,4418,4376,4356,4335,4330,4387,4469,4574,4647,4678,4692,4728,4785,4824,4856,4899,4914,4944,5008,4936
211041269,Forest Hill,9976,9965,9963,9973,9976,10010,10124,10180,10321,10370,10430,10483,10636,10772,10874,11074,11192,11251,11193,11151,10866
211041270,Mitcham (Vic.),14232,14378,14524,14635,14734,14852,14976,15102,15208,15265,15346,15804,16205,16482,16686,16859,17077,17220,17268,17318,16935
211041271,Nunawading,10693,10639,10526,10478,10466,10553,10846,10985,11200,11276,11382,11576,11742,11867,12089,12363,12623,12778,12829,12846,12522
211041272,Vermont,9544,9538,9522,9533,9561,9705,9860,9988,10147,10214,10261,10392,10517,10619,10750,10896,11021,11137,11251,11324,11083
211041273,Vermont South,12228,12120,11988,11928,11865,11905,11915,11906,11968,11964,11891,11946,12004,12070,12143,12251,12344,12382,12375,12288,12044
211051274,Belgrave - Selby,10742,10769,10743,10685,10565,10510,10531,10495,10504,10475,10414,10416,10423,10424,10429,10453,10448,10423,10370,10328,10095
211051275,Chirnside Park,8807,9003,9078,9074,9135,9212,9251,9307,9387,9420,9422,9497,9590,9711,9941,10266,10672,11036,11454,11749,11873
211051276,Healesville - Yarra Glen,11841,12049,12291,12403,12532,12539,12571,12721,12991,13135,13175,13370,13597,13754,13900,14106,14226,14356,14405,14315,14181
211051277,Kilsyth,8661,8626,8622,8599,8576,8602,8625,8668,8737,8768,8773,8918,9047,9139,9280,9470,9591,9678,9869,9948,9980
211051278,Lilydale - Coldstream,16176,16472,16656,16719,16904,17169,17445,17889,18306,18454,18517,18668,18778,18925,19212,19448,19646,19806,19891,19923,19783
211051279,Monbulk - Silvan,5753,5743,5712,5680,5623,5609,5649,5707,5736,5747,5732,5774,5788,5791,5791,5827,5856,5859,5845,5868,5857
211051280,Montrose,6852,6811,6791,6761,6738,6739,6772,6830,6921,6955,6966,6987,7004,7011,7031,7078,7123,7134,7104,7043,6995
211051281,Mooroolbark,19556,19549,19524,19550,19690,19863,20181,20506,20870,21073,21321,21525,21824,22208,22604,23027,23395,23571,23822,23888,23447
211051282,Mount Dandenong - Olinda,9787,9769,9764,9762,9769,9778,9843,9903,9974,10035,10060,10062,10064,10065,10066,10109,10079,10066,10042,9940,9771
211051283,Mount Evelyn,9396,9378,9356,9350,9357,9395,9427,9466,9561,9597,9615,9695,9768,9839,9941,10081,10096,10077,10047,9933,9863
211051284,Upwey - Tecoma,10357,10360,10310,10256,10148,10096,10070,10072,10095,10085,10067,10045,10026,10017,10019,10040,10032,10016,9986,9938,9848
211051285,Wandin - Seville,7112,7190,7227,7241,7241,7316,7372,7446,7560,7608,7646,7658,7700,7748,7798,7884,7935,8003,7987,7982,7959
211051286,Yarra Valley,15932,15928,15865,15831,15788,15820,15949,16078,16227,16318,16347,16409,16460,16496,16537,16622,16717,16849,16944,16984,16948
212011287,Beaconsfield - Officer,3707,4153,4852,5643,6244,6773,6878,7166,7559,7769,8223,8931,9610,10331,11784,13612,15653,18020,20621,22826,24101
212011288,Bunyip - Garfield,7628,7696,7699,7743,7766,7848,7859,8016,8234,8330,8383,8514,8610,8700,8796,8928,9051,9243,9498,9764,9991
212011289,Emerald - Cockatoo,16964,17062,17173,17332,17454,17628,17699,17793,17902,17969,18012,18072,18144,18241,18375,18580,18677,18759,18821,18808,18797
212011290,Koo Wee Rup,5231,5264,5354,5396,5531,5751,5773,5884,6223,6419,6695,6887,7042,7204,7397,7666,7902,8052,8411,8950,10107
212011291,Pakenham - North,6251,6294,6472,6966,7062,7621,8247,9192,10416,11740,12999,14397,15782,16974,18074,19370,20332,21173,21950,22572,23034
212011292,Pakenham - South,7186,7514,8598,9869,11197,12437,14078,15787,17761,19806,21687,23781,25571,26800,28050,29580,30744,31751,32711,33538,33639
212021293,Berwick - North,19094,19611,20228,20807,21209,21547,21826,22326,22695,22909,23042,23183,23336,23455,23614,23824,23901,23835,23858,23682,23187
212021294,Berwick - South,8433,10348,12086,13412,15001,16331,18333,20093,21880,23118,23681,24316,24806,25336,25990,26874,27584,28220,28740,29072,29339
212021295,Doveton,10072,9987,9918,9834,9769,9672,9823,9979,10192,10436,10695,10919,11207,11484,11665,11867,12091,12252,12335,12498,12061
212021297,Hallam,8977,9267,9519,9697,9855,9923,10038,10228,10430,10582,10628,10757,10885,11017,11125,11335,11512,11690,11902,11956,11603
212021299,Narre Warren North,5422,5577,5789,6014,6279,6388,6493,6695,6963,7096,7216,7377,7524,7712,7909,8183,8275,8367,8376,8356,8310
212021453,Endeavour Hills - North,12477,12429,12396,12374,12325,12283,12260,12279,12371,12425,12459,12468,12477,12475,12477,12499,12523,12560,12538,12442,12191
212021454,Endeavour Hills - South,14934,14828,14788,14758,14686,14578,14490,14483,14398,14308,14191,14184,14177,14156,14139,14160,14121,14050,13977,13828,13464
212021455,Narre Warren - North East,12517,12909,13170,13446,13517,13556,13644,13755,13731,13698,13657,13705,13771,13838,13890,13967,14006,14020,13998,13871,13620
212021456,Narre Warren - South West,12168,12338,12514,12729,12755,12814,12912,12987,13138,13252,13297,13495,13744,14016,14230,14544,14765,14941,15085,15153,14905
212031300,Cranbourne,13392,13480,13766,14282,14665,15071,15913,17059,18016,18859,19169,19510,19926,20250,20568,20888,21197,21397,21493,21642,21580
212031301,Cranbourne East,1123,1562,2192,2749,3425,4230,4858,5350,6211,6844,8344,10356,12532,16034,21199,26754,32567,39633,47921,55489,61850
212031302,Cranbourne North,9876,9611,9462,9559,9565,9886,10632,11516,12536,13655,14826,15944,16945,18101,19505,20985,22315,23481,24382,24947,24962
212031303,Cranbourne South,4798,4776,4764,4851,4925,5070,5141,5419,5833,6311,6880,7357,7950,8355,8703,9116,9568,10703,12840,15345,17613
212031304,Cranbourne West,4022,4872,5831,6607,7238,7584,7880,8208,8571,8837,9000,9933,11210,12651,13995,15685,17148,18606,19757,20823,21834
212031305,Hampton Park - Lynbrook,20384,20853,21566,22212,22485,22646,22851,23377,23904,24432,24744,24973,25295,25765,26239,26780,27087,27361,27505,27334,26384
212031306,Lynbrook - Lyndhurst,1507,2057,2658,3320,4091,5130,6319,7660,9002,10529,12107,12994,14042,14794,15459,16067,16660,17217,17612,18092,18270
212031308,Pearcedale - Tooradin,6938,7043,7181,7311,7537,7571,7559,7552,7574,7623,7706,7718,7752,7811,7896,8035,8086,8140,8151,8128,8082
212031457,Narre Warren South (East),5948,7538,9071,9973,10714,11480,11978,12413,12828,13045,13157,13296,13476,13561,13604,13713,13728,13694,13595,13396,13266
212031458,Narre Warren South (West),8362,9828,11753,12711,13780,14680,15546,16150,16405,16512,16483,16755,16968,17126,17321,17513,17643,17617,17522,17334,16932
212041309,Clarinda - Oakleigh South,12807,12626,12500,12455,12367,12334,12241,12224,12223,12234,12199,12218,12248,12272,12290,12323,12312,12276,12212,12119,11656
212041310,Clayton South,11290,11132,11009,10961,10947,10961,11068,11456,11884,12078,12254,12569,12823,13000,13141,13296,13418,13654,14087,14139,13570
212041311,Dandenong,22534,22665,22687,22724,22980,23246,24232,25250,25915,26613,27414,28577,29850,30987,31909,32700,33087,33294,33348,32879,31330
212041312,Dandenong North,23088,22990,22860,22832,22815,22847,22875,22965,23010,22983,22949,23056,23178,23302,23449,23684,23824,23914,23953,23627,22839
212041313,Dingley Village,10390,10395,10381,10370,10375,10374,10420,10454,10505,10549,10568,10597,10616,10608,10603,10611,10646,10692,10756,10722,10554
212041314,Keysborough,17094,16860,16805,16922,17335,18050,18929,19777,20489,20479,20848,21808,23054,24327,25758,27471,28501,29380,30105,30487,30488
212041316,Noble Park North,8299,8120,8028,7947,7861,7804,7769,7764,7802,7762,7753,7754,7763,7783,7826,7871,7870,7853,7821,7753,7520
212041317,Springvale,18557,18581,18603,18641,18716,19033,19245,19586,19969,20353,20712,20940,21132,21505,22188,22761,23210,23540,23763,23636,22537
212041318,Springvale South,11607,11602,11603,11678,11738,12064,12217,12452,12650,12715,12687,12764,12844,12964,13065,13227,13295,13321,13331,13285,12738
212041459,Noble Park - East,9827,9884,9945,10023,10088,10284,10660,10947,11381,11639,11931,12116,12331,12581,12801,13073,13294,13482,13590,13596,12901
212041460,Noble Park - West,16718,16634,16529,16526,16521,16740,16933,17143,17524,17668,17873,18101,18350,18686,19065,19435,19784,20015,20260,20215,19818
212051319,Ashwood - Chadstone,14503,14648,14710,14835,15243,15612,15966,16191,16560,16658,16979,17522,18002,18437,18835,19308,19757,19966,20244,20302,19790
212051320,Clayton,14237,14707,15249,15447,15933,16442,16732,16836,17285,17583,18698,19686,20645,21471,22510,23672,24637,25382,25603,25801,22492
212051321,Glen Waverley - East,21261,21164,21112,21064,21086,21180,21242,21294,21481,21499,21561,21689,21813,21922,22020,22153,22374,22559,22699,22667,21899
212051322,Glen Waverley - West,17233,17447,17587,17797,18012,18359,18568,18837,19187,19366,19303,19453,19644,19799,19951,20151,20506,20896,21328,21731,21324
212051323,Mount Waverley - North,14479,14484,14498,14548,14612,14722,14926,15078,15379,15579,15657,15699,15759,15822,15903,16053,16225,16340,16456,16628,16241
212051324,Mount Waverley - South,16422,16441,16436,16493,16551,16737,16962,17350,17792,17921,17889,18145,18407,18698,18940,19291,19585,19899,20069,20037,19475
212051325,Mulgrave,16951,16788,16633,16648,16747,16866,17227,17641,18028,18296,18517,18977,19466,19874,20181,20462,20517,20609,20667,20675,20078
212051326,Oakleigh - Huntingdale,19135,19156,19215,19339,19487,19701,19988,20410,20805,21049,21232,21448,21662,21929,22225,22617,22986,23247,23554,23689,23254
212051327,Wheelers Hill,21532,21213,20944,20755,20642,20627,20489,20431,20416,20295,20125,20165,20209,20450,20727,20880,20970,21033,21116,21164,20854
213011328,Ardeer - Albion,6640,6597,6560,6523,6523,6556,6559,6758,7087,7334,7387,7520,7668,7773,7937,8202,8226,8224,8178,8075,7595
213011329,Cairnlea,366,1133,2325,3742,5255,6322,7362,8121,8788,9099,9311,9550,9698,9857,10040,10206,10357,10437,10442,10498,10144
213011330,Deer Park - Derrimut,13379,13178,13171,13334,13644,14072,15447,17051,19433,21390,23136,24271,25344,26157,26746,27536,28018,28311,28333,27964,26981
213011331,Delahey,8056,8388,8665,8851,8954,9049,9042,9038,9003,8896,8769,8777,8792,8807,8815,8841,8793,8727,8658,8526,8154
213011332,Keilor Downs,15322,15215,15060,14864,14697,14543,14406,14335,14281,14232,14192,14130,14070,14014,13960,13943,13914,13859,13751,13548,13193
213011333,Kings Park (Vic.),15569,15419,15161,14998,14796,14656,14529,14471,14404,14359,14305,14306,14316,14336,14373,14447,14572,14612,14639,14461,14081
213011334,St Albans - North,19101,18988,18841,18748,18824,18746,18884,19102,19343,19562,19800,19887,20037,20220,20490,21064,21455,21714,21835,21643,20850
213011335,St Albans - South,17009,16812,16507,16328,16148,15963,15975,16187,16535,16882,17092,17179,17310,17503,17725,18025,18338,18484,18547,18368,17666
213011336,Sunshine,7980,8032,8093,8150,8244,8345,8473,8710,8936,9129,9238,9392,9618,9843,10083,10241,10300,10313,10301,10092,9576
213011337,Sunshine North,10478,10481,10452,10486,10473,10505,10525,10592,10770,10982,11108,11302,11489,11693,11890,12123,12317,12452,12478,12436,12163
213011338,Sunshine West,16700,16618,16519,16474,16443,16450,16444,16629,17042,17303,17512,17880,18196,18596,19013,19533,19779,19882,19900,19613,18779
213011339,Sydenham,9837,10437,10657,10905,11061,11187,11421,11573,11750,11924,12058,12158,12254,12335,12432,12585,12657,12672,12651,12421,11866
213011340,Taylors Lakes,17435,17944,18263,18470,18687,18900,19101,19194,19258,19125,18954,18764,18657,18532,18474,18455,18305,18161,17957,17591,17071
213021341,Altona,12221,12120,12045,11919,11864,11857,11915,12041,12152,12213,12260,12361,12544,12757,12979,13206,13436,13645,13845,13857,13652
213021342,Altona Meadows,19168,19342,19476,19283,19379,19411,19707,19746,19895,19780,19565,19573,19617,19690,19818,20106,20156,20087,20014,19477,18665
213021343,Altona North,13206,13121,12995,12906,12869,12844,12877,12974,13150,13366,13558,13786,14003,14271,14519,14787,14992,15174,15386,15377,15086
213021344,Newport,14723,14823,14921,14984,15186,15474,15864,16182,16493,16670,16798,17106,17399,17756,18134,18523,18718,18961,19243,19389,18985
213021345,Seabrook,4900,5006,5057,5091,5124,5156,5175,5192,5201,5218,5219,5232,5265,5305,5352,5408,5416,5394,5365,5245,5002
213021346,Williamstown,14056,14275,14363,14449,14550,14751,14950,15119,15400,15393,15354,15470,15578,15781,16006,16389,16494,16642,16777,16635,16074
213031347,Braybrook,12851,12995,13028,13039,13184,13482,14178,14881,15633,16343,16719,17177,17708,18296,18759,19224,19548,19686,19792,19876,19361
213031348,Footscray,11564,11562,11615,11619,11731,11828,12085,12462,12815,13214,14025,14397,15280,16127,16762,17343,17665,17891,18037,18068,17420
213031349,Maribyrnong,5972,6571,7244,7624,8026,8550,9204,9736,10125,10510,10671,11186,11692,12118,12562,12950,13156,13195,13230,13247,12715
213031350,Seddon - Kingsville,8081,8079,8118,8153,8202,8301,8356,8465,8569,8618,8701,8897,9091,9321,9521,9711,9773,9805,9806,9712,9364
213031351,West Footscray - Tottenham,9807,9801,9825,9879,9988,10152,10307,10543,10700,10743,10713,10966,11220,11527,11849,12058,12144,12251,12436,12356,11885
213031352,Yarraville,12573,12549,12686,12854,13006,13205,13536,13815,14030,14185,14325,14556,14791,15074,15330,15656,15797,15980,16077,16048,15653
213041353,Bacchus Marsh,14540,14644,14880,15015,15345,15595,15844,16124,16584,17006,17488,18119,19048,19632,20207,20989,21764,22471,23329,24220,25045
213041355,Hillside,8430,9800,11066,12115,13302,14034,14579,15111,15579,15901,16180,16522,17143,18220,19597,21305,22616,23846,24676,25205,26558
213041356,Melton,14123,14252,14449,14630,14834,15220,15765,16275,16932,17713,18247,18586,18767,18962,19242,19560,19771,19994,20246,20213,19713
213041357,Melton South,12097,12096,12080,12090,12136,12217,12434,12983,13977,14983,16031,17717,19368,20841,22403,24243,26386,28589,31314,34664,37577
213041358,Melton West,8178,8418,8769,9075,9683,10565,11358,12132,12987,13764,14514,15335,16051,16713,17387,18157,19035,20018,20970,21401,21502
213041359,Rockbank - Mount Cottrell,1760,1843,1929,2048,2245,2386,2446,2489,2572,2673,2772,2791,2842,2957,3044,3148,4731,7540,10296,13272,17836
213041360,Taylors Hill,605,1360,2648,4071,6073,8253,10309,12082,13753,15210,16011,16991,17930,18685,19486,20218,20435,20439,20427,20265,19800
213041461,Burnside,2225,2738,3305,3820,4128,4364,4412,4442,4468,4474,4494,4564,4618,4705,4812,4943,5176,5395,5542,5733,5855
213041462,Burnside Heights,18,20,32,66,194,359,1276,2409,3651,4596,5179,5545,5849,6088,6265,6431,6543,6654,6735,6621,6442
213041463,Caroline Springs,3136,4813,6616,8265,9746,11270,12248,13156,14300,15981,17310,18299,19290,19925,20377,20968,21291,21391,21336,21216,20643
213051361,Hoppers Crossing - North,17670,18195,18752,19068,19322,19406,19469,19518,19559,19591,19603,19697,19829,19931,20034,20172,20080,19913,19678,19383,18663
213051362,Hoppers Crossing - South,20360,20236,20059,19944,19738,19577,19315,19161,19208,19241,19327,19461,19708,19860,20001,20220,20284,20300,20173,19916,19003
213051363,Laverton,4750,4688,4636,4553,4553,4551,4571,4665,4830,5130,5587,6224,6794,7504,8334,9385,10250,10891,11487,11956,11643
213051365,Tarneit,1418,1757,2796,4036,5683,7740,10753,13456,16290,19632,22534,25743,28120,30659,33599,36404,39904,44119,48533,52726,57511
213051366,Truganina,745,1049,1416,1906,2457,3128,4347,5770,7527,9365,11544,13769,15743,18321,21470,24628,27682,30484,33549,36327,38668
213051368,Werribee - South,9744,9818,9912,10111,10252,10291,10367,10455,10604,10743,10862,11008,11141,11305,11491,11776,12571,13680,15002,16321,16985
213051369,Wyndham Vale,7797,8123,8467,8885,9754,10658,11838,13168,14688,16365,17687,19496,21095,22203,23113,24270,25799,27650,29736,31719,33639
213051464,Point Cook - East,808,984,1453,1960,2743,3475,4225,5075,5721,6308,6721,7998,9139,10392,11567,12818,14521,16086,17871,19103,19585
213051465,Point Cook - North,1233,2668,4462,6505,8777,10765,12528,14386,16539,18603,20201,21217,22113,22885,23593,24288,24711,24929,24942,24743,24020
213051466,Point Cook - South,38,38,35,40,68,300,853,1579,2487,4182,6440,8260,9987,11679,13366,15147,16734,18149,19029,19346,19385
213051467,Werribee - East,16074,16703,17469,18001,18501,18674,18862,19008,19316,19454,19620,19810,19997,20178,20378,20643,20658,20615,20473,20163,19241
213051468,Werribee - West,10547,10511,10569,10816,10965,11009,10981,11081,11112,11189,11214,11259,11327,11452,11735,12283,13533,15119,17475,20182,22661
214011370,Carrum Downs,15419,15889,16346,16815,17122,17550,17898,18342,19058,19499,19682,20036,20584,20975,21291,21549,21813,22027,22172,22358,22262
214011371,Frankston,22188,22001,21847,21628,21540,21540,21697,21951,22103,22239,22301,22417,22620,22850,23135,23510,23727,23973,24104,24230,23908
214011372,Frankston North,20230,19923,19605,19511,19255,19105,19160,19289,19458,19581,19620,19682,19725,19777,19827,19939,19990,20007,19989,19945,19665
214011373,Frankston South,17131,17187,17296,17394,17519,17722,17823,17928,18084,18176,18260,18369,18518,18652,18793,18995,19095,19179,19241,19156,18948
214011374,Langwarrin,18750,19188,19723,20388,21036,21236,21638,22222,22770,23095,23163,23385,23649,24015,24357,24694,24851,24998,25082,25221,25248
214011375,Seaford (Vic.),16257,16136,16001,15922,15840,15892,16013,16201,16408,16516,16574,16719,16866,16980,17046,17151,17235,17315,17389,17417,17359
214011376,Skye - Sandhurst,3331,3938,4665,5466,6218,7103,7953,8756,9371,9946,10750,11586,12389,12932,13341,13664,13823,13917,13842,13657,13419
214021377,Dromana,8455,8555,8574,8584,8588,8636,8830,9054,9231,9249,9333,9584,9938,10275,10785,11454,12008,12459,12760,13150,13460
214021378,Flinders,5811,5865,5904,5894,5901,5961,5827,5754,5725,5668,5578,5576,5580,5586,5604,5642,5716,5793,5870,5947,6021
214021379,Hastings - Somers,17831,17954,18067,18183,18374,18829,19424,19992,20388,20729,20885,21292,21675,22130,22524,22851,23221,23583,23903,24157,24240
214021380,Mornington,19118,19952,20347,20762,21151,21497,21966,22460,22854,23164,23224,23541,23942,24269,24633,25030,25492,25897,26218,26226,25909
214021381,Mount Eliza,17056,17046,17059,17077,17102,17094,17227,17370,17626,17824,17942,18087,18210,18342,18471,18696,18822,18975,19056,19112,18923
214021382,Mount Martha,12493,13089,13741,14265,14781,15245,15805,16332,16869,17332,17581,18133,18465,18881,19071,19365,19594,19753,19982,20043,20020
214021383,Point Nepean,15820,16174,16388,16433,16473,16542,16583,16627,16648,16662,16670,16964,17233,17503,17731,17999,18361,18740,19160,19614,19990
214021384,Rosebud - McCrae,18458,18563,18586,18472,18328,18329,18812,19261,19761,19966,20151,20461,20749,21029,21327,21613,21994,22322,22620,22899,23139
214021385,Somerville,16532,16799,16954,17004,17061,17184,17266,17553,17900,17948,17907,18062,18209,18485,18685,18878,18896,18894,18825,18765,18688
215011386,Ararat,8150,8139,8122,8114,8104,8105,8052,8072,8121,8161,8168,8220,8253,8278,8324,8386,8401,8420,8455,8538,8468
215011387,Ararat Region,3183,3186,3173,3148,3126,3114,3075,3041,3027,2995,2958,3013,3073,3123,3163,3198,3197,3184,3181,3180,3180
215011388,Horsham,14767,14767,14766,14858,14979,15226,15386,15554,15748,15918,16099,16170,16245,16307,16363,16462,16551,16615,16733,16913,16944
215011389,Horsham Region,3565,3604,3598,3602,3590,3570,3551,3530,3520,3498,3448,3460,3471,3463,3451,3443,3442,3456,3469,3464,3451
215011390,Nhill Region,7998,7936,7841,7728,7633,7550,7501,7461,7457,7380,7270,7222,7156,7098,7023,6960,6916,6889,6878,6889,6907
215011391,St Arnaud,4075,4031,3951,3879,3826,3721,3704,3672,3678,3658,3611,3600,3560,3488,3413,3353,3351,3361,3392,3423,3429
215011392,Stawell,8778,8751,8662,8568,8500,8370,8405,8427,8451,8466,8453,8378,8328,8296,8239,8225,8245,8272,8313,8373,8465
215011393,West Wimmera,3353,3303,3270,3215,3174,3143,3088,3047,3018,2974,2902,2871,2842,2806,2780,2782,2784,2783,2781,2782,2748
215011394,Yarriambiack,8114,8023,7918,7780,7654,7552,7450,7378,7352,7248,7120,7043,6980,6873,6775,6693,6645,6634,6611,6575,6454
215021395,Irymple,6263,6345,6394,6440,6464,6493,6522,6541,6586,6597,6603,6697,6782,6851,6887,6945,7041,7172,7315,7500,7679
215021396,Merbein,4834,4870,4808,4826,4790,4783,4698,4677,4693,4682,4670,4684,4708,4734,4767,4820,4898,4959,4983,4994,4953
215021398,Mildura Region,4564,4496,4407,4309,4239,4182,4126,4053,4000,3923,3833,3833,3821,3794,3770,3747,3734,3723,3722,3729,3709
215021399,Red Cliffs,5887,5876,5779,5700,5664,5600,5549,5510,5498,5479,5457,5565,5662,5781,5855,5947,6051,6116,6152,6201,6123
215021469,Mildura - North,17206,17361,17200,17199,17160,17196,17219,17451,17433,17438,17544,17724,17966,18154,18262,18398,18515,18578,18572,18468,18088
215021470,Mildura - South,10111,10457,10946,11203,11664,12286,12741,12908,13163,13506,13715,13972,14217,14423,14615,14801,15171,15563,15965,16365,16417
215031400,Buloke,7223,7174,7104,7028,6998,6959,6868,6785,6733,6616,6468,6435,6389,6336,6307,6285,6222,6212,6163,6150,6134
215031401,Gannawarra,7625,7551,7457,7344,7257,7205,7037,6945,6851,6713,6531,6572,6599,6615,6628,6661,6694,6675,6625,6613,6664
215031402,Kerang,4230,4213,4186,4180,4180,4190,4155,4130,4075,4006,3916,3917,3919,3911,3900,3898,3898,3912,3919,3940,3943
215031403,Robinvale,3709,3778,3815,3809,3818,3837,3776,3724,3689,3671,3609,3572,3543,3470,3412,3382,3483,3597,3700,3767,3753
215031404,Swan Hill,10077,10075,10067,10095,10088,10090,10228,10333,10516,10536,10610,10780,10888,10959,11022,11079,11147,11205,11251,11260,11169
215031405,Swan Hill Region,7254,7228,7198,7119,7086,7039,6976,6900,6853,6754,6649,6627,6579,6518,6466,6442,6430,6423,6437,6446,6462
216011406,Echuca,12544,12806,13167,13244,13651,13848,13961,14085,14175,14278,14367,14447,14567,14685,14776,14888,15022,15139,15276,15413,15587
216011407,Kyabram,11000,10964,10871,10835,10832,10819,10834,10816,10823,10855,10871,10905,10956,10987,11001,11034,11062,11045,11084,11117,11055
216011408,Lockington - Gunbower,4370,4354,4274,4274,4240,4221,4139,4100,4056,3935,3814,3834,3840,3838,3837,3855,3858,3868,3845,3856,3908
216011409,Rochester,3687,3693,3682,3668,3675,3685,3747,3800,3839,3872,3876,3886,3893,3891,3887,3895,3921,3938,3944,3967,3987
216011410,Rushworth,4429,4420,4383,4356,4334,4326,4284,4263,4240,4200,4129,4133,4119,4095,4084,4076,4068,4075,4089,4121,4166
216021411,Cobram,5747,5812,5847,5854,5926,6037,6048,6153,6203,6287,6305,6336,6367,6388,6399,6420,6442,6453,6450,6470,6438
216021412,Moira,2776,2756,2737,2700,2681,2724,2707,2683,2655,2627,2582,2585,2599,2600,2613,2623,2651,2678,2722,2779,2829
216021413,Numurkah,12397,12410,12396,12381,12391,12425,12457,12481,12451,12436,12386,12409,12422,12418,12420,12422,12440,12462,12482,12505,12499
216021414,Yarrawonga,5484,5459,5603,5749,5971,6291,6491,6651,6831,6981,7133,7345,7517,7694,7856,8021,8166,8288,8405,8490,8585
216031415,Mooroopna,7727,7780,7841,7797,7771,7808,7841,7939,7983,8001,7939,7961,7975,7995,8010,8033,8097,8191,8296,8331,8311
216031416,Shepparton - North,16027,16289,16439,16500,16474,16523,16592,16762,17033,17293,17620,17930,18204,18560,18810,19007,19333,19637,19916,20069,20034
216031417,Shepparton - South,19081,19239,19414,19431,19477,19765,20206,20603,21247,21774,22012,22465,22809,23077,23341,23668,24063,24478,24939,25427,25638
216031418,Shepparton Region - East,4206,4173,4146,4090,4054,4015,4009,4034,4031,4001,3973,3948,3924,3902,3895,3897,3928,3954,3981,4007,4012
216031419,Shepparton Region - West,9964,9960,9963,9868,9848,9847,9887,9970,9995,9993,9995,10060,10136,10192,10241,10279,10307,10318,10331,10344,10326
217011420,Glenelg (Vic.),9303,9280,9254,9228,9254,9246,9201,9205,9171,9068,8922,8879,8842,8794,8765,8778,8793,8813,8827,8839,8871
217011421,Hamilton (Vic.),10266,10300,10326,10353,10375,10334,10386,10388,10378,10344,10225,10186,10143,10106,10080,10081,10122,10178,10243,10332,10284
217011422,Portland,10746,10746,10748,10752,10768,10804,10800,10812,10812,10856,10894,10906,10917,10922,10919,10943,10992,11058,11138,11182,11182
217011423,Southern Grampians,6728,6699,6688,6636,6634,6635,6638,6626,6604,6495,6437,6378,6312,6251,6184,6143,6146,6165,6182,6209,6264
217031471,Camperdown,3661,3658,3622,3599,3583,3566,3531,3515,3529,3506,3477,3490,3503,3509,3516,3526,3543,3558,3535,3491,3470
217031472,Colac,11432,11446,11524,11508,11543,11519,11583,11655,11759,11888,11981,12063,12160,12245,12337,12450,12547,12640,12705,12755,12696
217031473,Colac Region,5829,5770,5746,5733,5708,5663,5632,5641,5605,5520,5419,5408,5403,5392,5381,5381,5418,5470,5522,5590,5643
217031474,Corangamite - North,5742,5714,5640,5626,5596,5576,5552,5523,5530,5496,5467,5456,5449,5442,5434,5432,5411,5354,5336,5350,5358
217031475,Corangamite - South,7914,7880,7780,7754,7700,7683,7627,7567,7513,7509,7534,7494,7432,7366,7306,7274,7266,7256,7233,7192,7148
217031476,Otway,3452,3479,3511,3511,3492,3459,3489,3501,3490,3460,3420,3456,3497,3519,3538,3556,3633,3707,3797,3905,3978
217041477,Moyne - East,6718,6704,6676,6643,6638,6652,6606,6631,6703,6739,6779,6764,6749,6734,6716,6709,6714,6741,6790,6873,6989
217041478,Moyne - West,8317,8387,8450,8487,8517,8601,8694,8792,8878,8965,9024,9167,9300,9383,9467,9603,9681,9773,9833,9842,9963
217041479,Warrnambool - North,17053,17449,17726,17937,18172,18528,18877,19107,19369,19634,19879,20253,20612,20930,21217,21442,21676,21934,22157,22379,22462
217041480,Warrnambool - South,12506,12578,12639,12697,12748,12792,12839,12903,12965,13057,13141,13146,13157,13154,13150,13173,13192,13214,13247,13323,13292
